nohup: ignoring input
/home/tima/Desktop/COEN542_PROJECT/consumer_to_mongo.py:9: DeprecationWarning: value_deserializer does not implement kafka.serializer.Deserializer
  consumer = KafkaConsumer(
Inserted: 1467810672
Inserted: 1467811184
Inserted: 1467811193
Inserted: 1467811372
Inserted: 1467811592
Inserted: 1467811795
Inserted: 1467812025
Inserted: 1467810369
Inserted: 1467810917
Inserted: 1467811184
Inserted: 1467811594
Inserted: 1467812723
Inserted: 1467812771
Inserted: 1467812964
Inserted: 1467813137
Inserted: 1467813579
Inserted: 1467814119
Inserted: 1467814180
Inserted: 1467814438
Inserted: 1467814783
Inserted: 1467815199
Inserted: 1467815753
Inserted: 1467815924
Inserted: 1467816665
Inserted: 1467817374
Inserted: 1467818481
Inserted: 1467819022
Inserted: 1467820863
Inserted: 1467821085
Inserted: 1467821715
Inserted: 1467825003
Inserted: 1467825084
Inserted: 1467825411
Inserted: 1467826052
Inserted: 1467833672
Inserted: 1467833799
Inserted: 1467834227
Inserted: 1467834239
Inserted: 1467834284
Inserted: 1467835305
Inserted: 1467835880
Inserted: 1467836500
Inserted: 1467836859
Inserted: 1467837189
Inserted: 1467837470
Inserted: 1467837819
Inserted: 1467838188
Inserted: 1467838189
Inserted: 1467838362
Inserted: 1467838433
Inserted: 1467838630
Inserted: 1467839007
Inserted: 1467839405
Inserted: 1467839586
Inserted: 1467840386
Inserted: 1467841885
Inserted: 1467841897
Inserted: 1467841969
Inserted: 1467842832
Inserted: 1467842837
Inserted: 1467843470
Inserted: 1467843624
Inserted: 1467844097
Inserted: 1467844157
Inserted: 1467844540
Inserted: 1467844907
Inserted: 1467845157
Inserted: 1467852067
Inserted: 1467853431
Inserted: 1467855673
Inserted: 1467855812
Inserted: 1467856497
Inserted: 1467856821
Inserted: 1467857297
Inserted: 1467857511
Inserted: 1467857722
Inserted: 1467859025
Inserted: 1467859820
Inserted: 1467860895
Inserted: 1467860904
Inserted: 1467861522
Inserted: 1467871552
Inserted: 1467871754
Inserted: 1467871844
Inserted: 1467871956
Inserted: 1467872136
Inserted: 1467872218
Inserted: 1467872309
Inserted: 1467872759
Inserted: 1467873256
Inserted: 1467874479
Inserted: 1467874916
Inserted: 1467876016
Inserted: 1467876711
Inserted: 1467876944
Inserted: 1467877496
Inserted: 1467878633
Inserted: 1467878929
Inserted: 1467878971
Inserted: 1467879203
Inserted: 1467879314
Inserted: 1467879480
Inserted: 1467879984
Inserted: 1467881131
Inserted: 1467881373
Inserted: 1467881376
Inserted: 1467881686
Inserted: 1467881809
Inserted: 1467882140
Inserted: 1467888679
Inserted: 1467889334
Inserted: 1467889574
Inserted: 1467889988
Inserted: 1467891880
Inserted: 1467892515
Inserted: 1467892667
Inserted: 1467892760
Inserted: 1467893163
Inserted: 1467894746
Inserted: 1467894749
Inserted: 1467894786
Inserted: 1467894841
Inserted: 1467895424
Inserted: 1467896211
Inserted: 1467896253
Inserted: 1467896777
Inserted: 1467898076
Inserted: 1467898511
Inserted: 1467900033
Inserted: 1467900545
Inserted: 1467901346
Inserted: 1467904302
Inserted: 1467905653
Inserted: 1467906151
Inserted: 1467906345
Inserted: 1467907751
Inserted: 1467907876
Inserted: 1467908672
Inserted: 1467908798
Inserted: 1467909124
Inserted: 1467909222
Inserted: 1467910932
Inserted: 1467911846
Inserted: 1467912333
Inserted: 1467914434
Inserted: 1467914499
Inserted: 1467915140
Inserted: 1467915612
Inserted: 1467915670
Inserted: 1467916595
Inserted: 1467916700
Inserted: 1467916820
Inserted: 1467917177
Inserted: 1467918812
Inserted: 1467919055
Inserted: 1467919538
Inserted: 1467919765
Inserted: 1467922983
Inserted: 1467923370
Inserted: 1467923775
Inserted: 1467924273
Inserted: 1467924690
Inserted: 1467927987
Inserted: 1467928014
Inserted: 1467928300
Inserted: 1467929230
Inserted: 1467930083
Inserted: 1467930157
Inserted: 1467930309
Inserted: 1467930699
Inserted: 1467932117
Inserted: 1467933102
Inserted: 1467933295
Inserted: 1467933623
Inserted: 1467933662
Inserted: 1467934004
Inserted: 1467934606
Inserted: 1467935121
Inserted: 1467936498
Inserted: 1467936541
Inserted: 1467937189
Inserted: 1467944261
Inserted: 1467945885
Inserted: 1467946137
Inserted: 1467946559
Inserted: 1467947557
Inserted: 1467948169
Inserted: 1467948521
Inserted: 1467948526
Inserted: 1467949681
Inserted: 1467949969
Inserted: 1467950217
Inserted: 1467950600
Inserted: 1467950687
Inserted: 1467951016
Inserted: 1467951252
Inserted: 1467951422
Inserted: 1467951931
Inserted: 1467952100
Inserted: 1467953277
Inserted: 1467953681
Inserted: 1467954059
Inserted: 1467960066
Inserted: 1467960388
Inserted: 1467960735
Inserted: 1467961817
Inserted: 1467962502
Inserted: 1467962671
Inserted: 1467962897
Inserted: 1467963418
Inserted: 1467965065
Inserted: 1467965873
Inserted: 1467966187
Inserted: 1467966271
Inserted: 1467967089
Inserted: 1467967432
Inserted: 1467968140
Inserted: 1467968584
Inserted: 1467968722
Inserted: 1467968741
Inserted: 1467969001
Inserted: 1467969478
Inserted: 1467969654
Inserted: 1467970550
Inserted: 1467970648
Inserted: 1467970783
Inserted: 1467971407
Inserted: 1467972017
Inserted: 1467972750
Inserted: 1467978585
Inserted: 1467979094
Inserted: 1467979143
Inserted: 1467979676
Inserted: 1467980053
Inserted: 1467980251
Inserted: 1467980858
Inserted: 1467981326
Inserted: 1467981584
Inserted: 1467981695
Inserted: 1467982038
Inserted: 1467982235
Inserted: 1467983950
Inserted: 1467984655
Inserted: 1467985153
Inserted: 1467985166
Inserted: 1467985259
Inserted: 1467985560
Inserted: 1467986374
Inserted: 1467986889
Inserted: 1467987712
Inserted: 1467987736
Inserted: 1467988612
Inserted: 1467992251
Inserted: 1467992521
Inserted: 1467992592
Inserted: 1467993608
Inserted: 1467993829
Inserted: 1467996633
Inserted: 1467997236
Inserted: 1467998485
Inserted: 1467998983
Inserted: 1467999819
Inserted: 1467999887
Inserted: 1468000014
Inserted: 1468000208
Inserted: 1468000700
Inserted: 1468000743
Inserted: 1468000880
Inserted: 1468000996
Inserted: 1468001543
Inserted: 1468001960
Inserted: 1468002902
Inserted: 1468002948
Inserted: 1468003327
Inserted: 1468003631
Inserted: 1468004048
Inserted: 1468004641
Inserted: 1468006137
Inserted: 1468007450
Inserted: 1468010183
Inserted: 1468011315
Inserted: 1468012099
Inserted: 1468012316
Inserted: 1468012912
Inserted: 1468013989
Inserted: 1468014191
Inserted: 1468014340
Inserted: 1468015006
Inserted: 1468018354
Inserted: 1468019147
Inserted: 1468019453
Inserted: 1468020340
Inserted: 1468020636
Inserted: 1468020819
Inserted: 1468021397
Inserted: 1468021408
Inserted: 1468021699
Inserted: 1468022265
Inserted: 1468023022
Inserted: 1468023065
Inserted: 1468023365
Inserted: 1468023501
Inserted: 1468024089
Inserted: 1468031172
Inserted: 1468031217
Inserted: 1468031805
Inserted: 1468031882
Inserted: 1468032348
Inserted: 1468032572
Inserted: 1468032622
Inserted: 1468033025
Inserted: 1468033122
Inserted: 1468033322
Inserted: 1468033983
Inserted: 1468034467
Inserted: 1468034673
Inserted: 1468035296
Inserted: 1468035468
Inserted: 1468035969
Inserted: 1468036478
Inserted: 1468036634
Inserted: 1468036770
Inserted: 1468037361
Inserted: 1468037612
Inserted: 1468037671
Inserted: 1468038289
Inserted: 1468039375
Inserted: 1468039428
Inserted: 1468040050
Inserted: 1468042464
Inserted: 1468042752
Inserted: 1468043785
Inserted: 1468044846
Inserted: 1468045201
Inserted: 1468045539
Inserted: 1468050670
Inserted: 1468051150
Inserted: 1468051421
Inserted: 1468051981
Inserted: 1468052359
Inserted: 1468052623
Inserted: 1468053118
Inserted: 1468053611
Inserted: 1468053869
Inserted: 1468055249
Inserted: 1468055852
Inserted: 1468060774
Inserted: 1468060798
Inserted: 1468060954
Inserted: 1468061127
Inserted: 1468062021
Inserted: 1468062416
Inserted: 1468062743
Inserted: 1468063318
Inserted: 1468063768
Inserted: 1468064305
Inserted: 1468066702
Inserted: 1468068208
Inserted: 1468068550
Inserted: 1468069034
Inserted: 1468069296
Inserted: 1468070082
Inserted: 1468070639
Inserted: 1468072335
Inserted: 1468072489
Inserted: 1468072550
Inserted: 1468074684
Inserted: 1468074996
Inserted: 1468075570
Inserted: 1468075908
Inserted: 1468076636
Inserted: 1468076745
Inserted: 1468076942
Inserted: 1468077685
Inserted: 1468077700
Inserted: 1468078113
Inserted: 1468079556
Inserted: 1468079864
Inserted: 1468080415
Inserted: 1468080516
Inserted: 1468080524
Inserted: 1468082050
Inserted: 1468082840
Inserted: 1468083579
Inserted: 1468084012
Inserted: 1468084774
Inserted: 1468085048
Inserted: 1468085613
Inserted: 1468086039
Inserted: 1468086969
Inserted: 1468087058
Inserted: 1468093327
Inserted: 1468093942
Inserted: 1468094166
Inserted: 1468094312
Inserted: 1468097006
Inserted: 1468097181
Inserted: 1468097515
Inserted: 1468098356
Inserted: 1468098454
Inserted: 1468099902
Inserted: 1468100783
Inserted: 1468101128
Inserted: 1468101471
Inserted: 1468101740
Inserted: 1468101838
Inserted: 1468102659
Inserted: 1468103052
Inserted: 1468103797
Inserted: 1468106399
Inserted: 1468106999
Inserted: 1468107193
Inserted: 1468107293
Inserted: 1468107426
Inserted: 1468107670
Inserted: 1468107957
Inserted: 1468108049
Inserted: 1468108431
Inserted: 1468108670
Inserted: 1468108912
Inserted: 1468108999
Inserted: 1468109330
Inserted: 1468111153
Inserted: 1468112410
Inserted: 1468112539
Inserted: 1468113349
Inserted: 1468113544
Inserted: 1468115742
Inserted: 1468115818
Inserted: 1468116300
Inserted: 1468116474
Inserted: 1468116503
Inserted: 1468119061
Inserted: 1468120199
Inserted: 1468120614
Inserted: 1468120671
Inserted: 1468121466
Inserted: 1468121650
Inserted: 1468121819
Inserted: 1468122378
Inserted: 1468122865
Inserted: 1468123355
Inserted: 1468123982
Inserted: 1468124277
Inserted: 1468124592
Inserted: 1468124983
Inserted: 1468125055
Inserted: 1468125812
Inserted: 1468127877
Inserted: 1468127961
Inserted: 1468128655
Inserted: 1468129509
Inserted: 1468129797
Inserted: 1468130215
Inserted: 1468130276
Inserted: 1468131202
Inserted: 1468131371
Inserted: 1468131477
Inserted: 1468131856
Inserted: 1468132343
Inserted: 1468132895
Inserted: 1468133161
Inserted: 1468133316
Inserted: 1468133469
Inserted: 1468135281
Inserted: 1468136489
Inserted: 1468136918
Inserted: 1468137609
Inserted: 1468137829
Inserted: 1468138347
Inserted: 1468138650
Inserted: 1468138795
Inserted: 1468138980
Inserted: 1468139952
Inserted: 1468140161
Inserted: 1468141719
Inserted: 1468143213
Inserted: 1468144273
Inserted: 1468144341
Inserted: 1468145022
Inserted: 1468145182
Inserted: 1468145470
Inserted: 1468146327
Inserted: 1468146517
Inserted: 1468146872
Inserted: 1468147175
Inserted: 1468147540
Inserted: 1468148425
Inserted: 1468148595
Inserted: 1468150534
Inserted: 1468150715
Inserted: 1468152663
Inserted: 1468154604
Inserted: 1468155038
Inserted: 1468155863
Inserted: 1468155968
Inserted: 1468156285
Inserted: 1468156574
Inserted: 1468157083
Inserted: 1468157370
Inserted: 1468157393
Inserted: 1468158226
Inserted: 1468158230
Inserted: 1468158366
Inserted: 1468158414
Inserted: 1468158624
Inserted: 1468159446
Inserted: 1468160042
Inserted: 1468160178
Inserted: 1468160345
Inserted: 1468161080
Inserted: 1468161997
Inserted: 1468162073
Inserted: 1468162160
Inserted: 1468163318
Inserted: 1468164088
Inserted: 1468167936
Inserted: 1468168741
Inserted: 1468168806
Inserted: 1468169023
Inserted: 1468169695
Inserted: 1468169853
Inserted: 1468170137
Inserted: 1468170349
Inserted: 1468170440
Inserted: 1468170604
Inserted: 1468170829
Inserted: 1468171681
Inserted: 1468173987
Inserted: 1468174365
Inserted: 1468175029
Inserted: 1468175593
Inserted: 1468176489
Inserted: 1468176686
Inserted: 1468177167
Inserted: 1468177568
Inserted: 1468179307
Inserted: 1468179579
Inserted: 1468179690
Inserted: 1468186665
Inserted: 1468188091
Inserted: 1468188351
Inserted: 1468188897
Inserted: 1468189244
Inserted: 1468190160
Inserted: 1468190761
Inserted: 1468191119
Inserted: 1468191716
Inserted: 1468191810
Inserted: 1468191849
Inserted: 1468192096
Inserted: 1468192390
Inserted: 1468192771
Inserted: 1468192862
Inserted: 1468194562
Inserted: 1468194680
Inserted: 1468194775
Inserted: 1468194966
Inserted: 1468195501
Inserted: 1468199133
Inserted: 1468200671
Inserted: 1468201440
Inserted: 1468201547
Inserted: 1468202315
Inserted: 1468202969
Inserted: 1468203199
Inserted: 1468203454
Inserted: 1468204520
Inserted: 1468204943
Inserted: 1468205464
Inserted: 1468206330
Inserted: 1468206353
Inserted: 1468206560
Inserted: 1468207293
Inserted: 1468209066
Inserted: 1468209206
Inserted: 1468209640
Inserted: 1468209946
Inserted: 1468210175
Inserted: 1468210470
Inserted: 1468211474
Inserted: 1468211799
Inserted: 1468212357
Inserted: 1468212382
Inserted: 1468213513
Inserted: 1468213929
Inserted: 1468214179
Inserted: 1468215977
Inserted: 1468216087
Inserted: 1468216327
Inserted: 1468216479
Inserted: 1468217419
Inserted: 1468217493
Inserted: 1468217851
Inserted: 1468217987
Inserted: 1468218859
Inserted: 1468219096
Inserted: 1468223744
Inserted: 1468224726
Inserted: 1468225756
Inserted: 1468227480
Inserted: 1468227525
Inserted: 1468228463
Inserted: 1468228737
Inserted: 1468229312
Inserted: 1468229320
Inserted: 1468230686
Inserted: 1468231183
Inserted: 1468231861
Inserted: 1468232528
Inserted: 1468233946
Inserted: 1468234195
Inserted: 1468234554
Inserted: 1468235052
Inserted: 1468235194
Inserted: 1468237660
Inserted: 1468238233
Inserted: 1468238893
Inserted: 1468239419
Inserted: 1468239618
Inserted: 1468242514
Inserted: 1468242870
Inserted: 1468243314
Inserted: 1468243845
Inserted: 1468244131
Inserted: 1468244784
Inserted: 1468246231
Inserted: 1468247068
Inserted: 1468248484
Inserted: 1468248952
Inserted: 1468249654
Inserted: 1468250688
Inserted: 1468251200
Inserted: 1468251370
Inserted: 1468252166
Inserted: 1468252457
Inserted: 1468253473
Inserted: 1468253653
Inserted: 1468253943
Inserted: 1468254471
Inserted: 1468254538
Inserted: 1468256066
Inserted: 1468256420
Inserted: 1468257337
Inserted: 1468257431
Inserted: 1468258171
Inserted: 1468259368
Inserted: 1468259453
Inserted: 1468260438
Inserted: 1468260586
Inserted: 1468260638
Inserted: 1468260645
Inserted: 1468260773
Inserted: 1468261290
Inserted: 1468263159
Inserted: 1468263722
Inserted: 1468263731
Inserted: 1468263832
Inserted: 1468264497
Inserted: 1468264581
Inserted: 1468264761
Inserted: 1468265726
Inserted: 1468266415
Inserted: 1468266948
Inserted: 1468267411
Inserted: 1468267860
Inserted: 1468268275
Inserted: 1468270688
Inserted: 1468270767
Inserted: 1468272656
Inserted: 1468273239
Inserted: 1468273375
Inserted: 1468273700
Inserted: 1468275829
Inserted: 1468276006
Inserted: 1468276331
Inserted: 1468276361
Inserted: 1468276541
Inserted: 1468276968
Inserted: 1468277676
Inserted: 1468279084
Inserted: 1468279697
Inserted: 1468280013
Inserted: 1468280681
Inserted: 1468281205
Inserted: 1468281484
Inserted: 1468281977
Inserted: 1468283125
Inserted: 1468283175
Inserted: 1468283238
Inserted: 1468285715
Inserted: 1468287128
Inserted: 1468287130
Inserted: 1468288717
Inserted: 1468290529
Inserted: 1468291173
Inserted: 1468291535
Inserted: 1468291722
Inserted: 1468292648
Inserted: 1468294106
Inserted: 1468294499
Inserted: 1468295930
Inserted: 1468296694
Inserted: 1468297110
Inserted: 1468297766
Inserted: 1468298018
Inserted: 1468299018
Inserted: 1468300175
Inserted: 1468301028
Inserted: 1468301479
Inserted: 1468302465
Inserted: 1468303745
Inserted: 1468304197
Inserted: 1468304799
Inserted: 1468305031
Inserted: 1468305782
Inserted: 1468305790
Inserted: 1468306620
Inserted: 1468306726
Inserted: 1468306901
Inserted: 1468309097
Inserted: 1468309113
Inserted: 1468310979
Inserted: 1468311182
Inserted: 1468312934
Inserted: 1468314253
Inserted: 1468314615
Inserted: 1468314843
Inserted: 1468314947
Inserted: 1468316454
Inserted: 1468316495
Inserted: 1468317166
Inserted: 1468318282
Inserted: 1468318960
Inserted: 1468319163
Inserted: 1468319784
Inserted: 1468319805
Inserted: 1468320257
Inserted: 1468321090
Inserted: 1468321932
Inserted: 1468322073
Inserted: 1468322124
Inserted: 1468322438
Inserted: 1468322471
Inserted: 1468323072
Inserted: 1468324670
Inserted: 1468324862
Inserted: 1468325361
Inserted: 1468327818
Inserted: 1468327876
Inserted: 1468328133
Inserted: 1468328399
Inserted: 1468329533
Inserted: 1468331305
Inserted: 1468331411
Inserted: 1468331598
Inserted: 1468334430
Inserted: 1468334712
Inserted: 1468334921
Inserted: 1468335650
Inserted: 1468335659
Inserted: 1468335664
Inserted: 1468335742
Inserted: 1468336588
Inserted: 1468336885
Inserted: 1468338403
Inserted: 1468338877
Inserted: 1468339214
Inserted: 1468339331
Inserted: 1468339378
Inserted: 1468340012
Inserted: 1468340562
Inserted: 1468342685
Inserted: 1468343337
Inserted: 1468343971
Inserted: 1468344395
Inserted: 1468345048
Inserted: 1468345562
Inserted: 1468346243
Inserted: 1468346666
Inserted: 1468347669
Inserted: 1468347721
Inserted: 1468349627
Inserted: 1468350411
Inserted: 1468350829
Inserted: 1468352163
Inserted: 1468352233
Inserted: 1468353433
Inserted: 1468354465
Inserted: 1468354903
Inserted: 1468355232
Inserted: 1468355233
Inserted: 1468355474
Inserted: 1468356363
Inserted: 1468356673
Inserted: 1468356896
Inserted: 1468357020
Inserted: 1468357300
Inserted: 1468357965
Inserted: 1468358113
Inserted: 1468360001
Inserted: 1468360192
Inserted: 1468361627
Inserted: 1468361903
Inserted: 1468362047
Inserted: 1468363716
Inserted: 1468364350
Inserted: 1468365503
Inserted: 1468366320
Inserted: 1468366733
Inserted: 1468367494
Inserted: 1468367547
Inserted: 1468369221
Inserted: 1468369793
Inserted: 1468369843
Inserted: 1468370135
Inserted: 1468371688
Inserted: 1468371748
Inserted: 1468372133
Inserted: 1468372964
Inserted: 1468373489
Inserted: 1468374165
Inserted: 1468374182
Inserted: 1468374827
Inserted: 1468375561
Inserted: 1468375719
Inserted: 1468375888
Inserted: 1468377036
Inserted: 1468377161
Inserted: 1468377303
Inserted: 1468377379
Inserted: 1468377916
Inserted: 1468378561
Inserted: 1468379025
Inserted: 1468379134
Inserted: 1468380736
Inserted: 1468380900
Inserted: 1468381190
Inserted: 1468381357
Inserted: 1468383563
Inserted: 1468383672
Inserted: 1468384388
Inserted: 1468384573
Inserted: 1468386634
Inserted: 1468386843
Inserted: 1468387098
Inserted: 1468387236
Inserted: 1468387244
Inserted: 1468387702
Inserted: 1468387739
Inserted: 1468389736
Inserted: 1468390269
Inserted: 1468390752
Inserted: 1468390805
Inserted: 1468391182
Inserted: 1468391317
Inserted: 1468392589
Inserted: 1468394780
Inserted: 1468395211
Inserted: 1468395703
Inserted: 1468396339
Inserted: 1468396478
Inserted: 1468397037
Inserted: 1468397087
Inserted: 1468398513
Inserted: 1468399506
Inserted: 1468400241
Inserted: 1468400441
Inserted: 1468403861
Inserted: 1468404284
Inserted: 1468404837
Inserted: 1468405527
Inserted: 1468405613
Inserted: 1468407595
Inserted: 1468409094
Inserted: 1468411728
Inserted: 1468413433
Inserted: 1468414042
Inserted: 1468414733
Inserted: 1468415054
Inserted: 1468415366
Inserted: 1468415586
Inserted: 1468415745
Inserted: 1468416322
Inserted: 1468419515
Inserted: 1468419545
Inserted: 1468420555
Inserted: 1468421302
Inserted: 1468421860
Inserted: 1468422466
Inserted: 1468423172
Inserted: 1468423877
Inserted: 1468423953
Inserted: 1468424547
Inserted: 1468424886
Inserted: 1468425541
Inserted: 1468426131
Inserted: 1468427103
Inserted: 1468427739
Inserted: 1468428691
Inserted: 1468429718
Inserted: 1468429774
Inserted: 1468430350
Inserted: 1468431486
Inserted: 1468431680
Inserted: 1468431849
Inserted: 1468432505
Inserted: 1468433231
Inserted: 1468435746
Inserted: 1468439072
Inserted: 1468440788
Inserted: 1468440872
Inserted: 1468441133
Inserted: 1468442569
Inserted: 1468442590
Inserted: 1468442841
Inserted: 1468443210
Inserted: 1468443393
Inserted: 1468443414
Inserted: 1468443601
Inserted: 1468443662
Inserted: 1468444158
Inserted: 1468444367
Inserted: 1468444937
Inserted: 1468444945
Inserted: 1468445118
Inserted: 1468445304
Inserted: 1468445391
Inserted: 1468445455
Inserted: 1468447755
Inserted: 1468448295
Inserted: 1468448817
Inserted: 1468449201
Inserted: 1468450091
Inserted: 1468450371
Inserted: 1468450635
Inserted: 1468451020
Inserted: 1468454815
Inserted: 1468456335
Inserted: 1468457203
Inserted: 1468459410
Inserted: 1468459868
Inserted: 1468460332
Inserted: 1468461581
Inserted: 1468462729
Inserted: 1468464223
Inserted: 1468464361
Inserted: 1468465459
Inserted: 1468467021
Inserted: 1468467768
Inserted: 1468469027
Inserted: 1468469149
Inserted: 1468469725
Inserted: 1468469726
Inserted: 1468470153
Inserted: 1468470352
Inserted: 1468470731
Inserted: 1468471006
Inserted: 1468471296
Inserted: 1468471872
Inserted: 1468471995
Inserted: 1468472440
Inserted: 1468472468
Inserted: 1468473574
Inserted: 1468473633
Inserted: 1468473909
Inserted: 1468474914
Inserted: 1468475623
Inserted: 1468476005
Inserted: 1468476148
Inserted: 1468476234
Inserted: 1468476659
Inserted: 1468478238
Inserted: 1468479146
Inserted: 1468480285
Inserted: 1468480781
Inserted: 1468481179
Inserted: 1468482279
Inserted: 1468483780
Inserted: 1468484103
Inserted: 1468484427
Inserted: 1468484631
Inserted: 1468485227
Inserted: 1468485407
Inserted: 1468486116
Inserted: 1468486641
Inserted: 1468487295
Inserted: 1468487862
Inserted: 1468488504
Inserted: 1468489012
Inserted: 1468489414
Inserted: 1468489438
Inserted: 1468489868
Inserted: 1468490308
Inserted: 1468490629
Inserted: 1468491182
Inserted: 1468491526
Inserted: 1468492357
Inserted: 1468492727
Inserted: 1468493268
Inserted: 1468493731
Inserted: 1468494392
Inserted: 1468496097
Inserted: 1468496197
Inserted: 1468496782
Inserted: 1468498404
Inserted: 1468498594
Inserted: 1468498689
Inserted: 1468499488
Inserted: 1468499491
Inserted: 1468501925
Inserted: 1468502040
Inserted: 1468503341
Inserted: 1468503546
Inserted: 1468503801
Inserted: 1468505022
Inserted: 1468505934
Inserted: 1468506562
Inserted: 1468506687
Inserted: 1468507433
Inserted: 1468509056
Inserted: 1468510299
Inserted: 1468512629
Inserted: 1468512858
Inserted: 1468513210
Inserted: 1468514004
Inserted: 1468514411
Inserted: 1468514855
Inserted: 1468515697
Inserted: 1468516317
Inserted: 1468518622
Inserted: 1468519224
Inserted: 1468519879
Inserted: 1468521684
Inserted: 1468522039
Inserted: 1468522061
Inserted: 1468522212
Inserted: 1468523199
Inserted: 1468524463
Inserted: 1468526018
Inserted: 1468526184
Inserted: 1468526212
Inserted: 1468527026
Inserted: 1468527522
Inserted: 1468527813
Inserted: 1468527895
Inserted: 1468528315
Inserted: 1468528946
Inserted: 1468530032
Inserted: 1468531165
Inserted: 1468532172
Inserted: 1468533749
Inserted: 1468534901
Inserted: 1468538207
Inserted: 1468539091
Inserted: 1468540233
Inserted: 1468540713
Inserted: 1468541803
Inserted: 1468542883
Inserted: 1468544266
Inserted: 1468544973
Inserted: 1468545846
Inserted: 1468545927
Inserted: 1468546091
Inserted: 1468546258
Inserted: 1468548172
Inserted: 1468548785
Inserted: 1468548897
Inserted: 1468549477
Inserted: 1468549512
Inserted: 1468549786
Inserted: 1468550704
Inserted: 1468552130
Inserted: 1468552490
Inserted: 1468552807
Inserted: 1468553296
Inserted: 1468554937
Inserted: 1468555325
Inserted: 1468556168
Inserted: 1468556456
Inserted: 1468556667
Inserted: 1468558857
Inserted: 1468560687
Inserted: 1468561079
Inserted: 1468561339
Inserted: 1468561830
Inserted: 1468562701
Inserted: 1468563648
Inserted: 1468563763
Inserted: 1468564669
Inserted: 1468565211
Inserted: 1468566413
Inserted: 1468566578
Inserted: 1468568084
Inserted: 1468570328
Inserted: 1468571245
Inserted: 1468571262
Inserted: 1468571755
Inserted: 1468571878
Inserted: 1468573554
Inserted: 1468575832
Inserted: 1468576909
Inserted: 1468577939
Inserted: 1468577950
Inserted: 1468578020
Inserted: 1468579783
Inserted: 1468580924
Inserted: 1468580990
Inserted: 1468581218
Inserted: 1468582130
Inserted: 1468582346
Inserted: 1468582414
Inserted: 1468582636
Inserted: 1468582825
Inserted: 1468583796
Inserted: 1468584756
Inserted: 1468588126
Inserted: 1468589177
Inserted: 1468589198
Inserted: 1468590687
Inserted: 1468592035
Inserted: 1468592042
Inserted: 1468593185
Inserted: 1468593463
Inserted: 1468593773
Inserted: 1468596073
Inserted: 1468596208
Inserted: 1468596929
Inserted: 1468598198
Inserted: 1468598385
Inserted: 1468598518
Inserted: 1468598817
Inserted: 1468599110
Inserted: 1468599754
Inserted: 1468599846
Inserted: 1468599980
Inserted: 1468600060
Inserted: 1468600221
Inserted: 1468600337
Inserted: 1468600466
Inserted: 1468600978
Inserted: 1468601271
Inserted: 1468602199
Inserted: 1468602417
Inserted: 1468603079
Inserted: 1468604390
Inserted: 1468604810
Inserted: 1468605010
Inserted: 1468607344
Inserted: 1468607647
Inserted: 1468607733
Inserted: 1468608080
Inserted: 1468609315
Inserted: 1468609400
Inserted: 1468610045
Inserted: 1468610356
Inserted: 1468611366
Inserted: 1468611643
Inserted: 1468612362
Inserted: 1468612843
Inserted: 1468613026
Inserted: 1468613355
Inserted: 1468617912
Inserted: 1468619130
Inserted: 1468620322
Inserted: 1468620341
Inserted: 1468620940
Inserted: 1468621368
Inserted: 1468621585
Inserted: 1468622564
Inserted: 1468623158
Inserted: 1468623274
Inserted: 1468623914
Inserted: 1468624271
Inserted: 1468624519
Inserted: 1468624571
Inserted: 1468624921
Inserted: 1468625160
Inserted: 1468625371
Inserted: 1468625847
Inserted: 1468626256
Inserted: 1468627125
Inserted: 1468628251
Inserted: 1468628642
Inserted: 1468629222
Inserted: 1468629378
Inserted: 1468629992
Inserted: 1468630730
Inserted: 1468630777
Inserted: 1468631203
Inserted: 1468631235
Inserted: 1468631297
Inserted: 1468632264
Inserted: 1468632266
Inserted: 1468633491
Inserted: 1468633597
Inserted: 1468633773
Inserted: 1468634189
Inserted: 1468635091
Inserted: 1468635603
Inserted: 1468635708
Inserted: 1468635993
Inserted: 1468636418
Inserted: 1468636610
Inserted: 1468637767
Inserted: 1468638203
Inserted: 1468639063
Inserted: 1468639214
Inserted: 1468639458
Inserted: 1468639794
Inserted: 1468640168
Inserted: 1468640416
Inserted: 1468640566
Inserted: 1468641719
Inserted: 1468643581
Inserted: 1468644653
Inserted: 1468644732
Inserted: 1468645058
Inserted: 1468645098
Inserted: 1468645765
Inserted: 1468646528
Inserted: 1468647699
Inserted: 1468647928
Inserted: 1468648609
Inserted: 1468648794
Inserted: 1468650162
Inserted: 1468650569
Inserted: 1468650678
Inserted: 1468650818
Inserted: 1468650905
Inserted: 1468651541
Inserted: 1468651621
Inserted: 1468652384
Inserted: 1468652422
Inserted: 1468652933
Inserted: 1468653165
Inserted: 1468653662
Inserted: 1468653750
Inserted: 1468656609
Inserted: 1468656860
Inserted: 1468656996
Inserted: 1468657023
Inserted: 1468657409
Inserted: 1468659246
Inserted: 1468659707
Inserted: 1468659963
Inserted: 1468661143
Inserted: 1468661241
Inserted: 1468662152
Inserted: 1468662767
Inserted: 1468663026
Inserted: 1468663184
Inserted: 1468664220
Inserted: 1468664704
Inserted: 1468664737
Inserted: 1468664770
Inserted: 1468665200
Inserted: 1468665356
Inserted: 1468665735
Inserted: 1468665909
Inserted: 1468667487
Inserted: 1468671374
Inserted: 1468671482
Inserted: 1468671624
Inserted: 1468671668
Inserted: 1468673749
Inserted: 1468673840
Inserted: 1468674264
Inserted: 1468674268
Inserted: 1468674287
Inserted: 1468674879
Inserted: 1468675224
Inserted: 1468675355
Inserted: 1468676432
Inserted: 1468677236
Inserted: 1468677755
Inserted: 1468677850
Inserted: 1468677960
Inserted: 1468678473
Inserted: 1468679244
Inserted: 1468680069
Inserted: 1468680347
Inserted: 1468681243
Inserted: 1468681338
Inserted: 1468681696
Inserted: 1468681809
Inserted: 1468681937
Inserted: 1468682904
Inserted: 1468683235
Inserted: 1468684314
Inserted: 1468684447
Inserted: 1468684547
Inserted: 1468684797
Inserted: 1468686500
Inserted: 1468687808
Inserted: 1468688452
Inserted: 1468689241
Inserted: 1468691113
Inserted: 1468691690
Inserted: 1468693972
Inserted: 1468694803
Inserted: 1468696454
Inserted: 1468696457
Inserted: 1468696840
Inserted: 1468697007
Inserted: 1468697183
Inserted: 1468697384
Inserted: 1467810917
Inserted: 1467811184
Inserted: 1467811193
Inserted: 1467811592
Inserted: 1467812784
Inserted: 1467813782
Inserted: 1467814119
Inserted: 1467814438
Inserted: 1467814883
Inserted: 1467815753
Inserted: 1467815923
Inserted: 1467815924
Inserted: 1467816149
Inserted: 1467817225
Inserted: 1467818007
Inserted: 1467818020
Inserted: 1467818603
Inserted: 1467819022
Inserted: 1467820863
Inserted: 1467822519
Inserted: 1467822918
Inserted: 1467823437
Inserted: 1467823851
Inserted: 1467824664
Inserted: 1467825084
Inserted: 1467825883
Inserted: 1467834001
Inserted: 1467834284
Inserted: 1467835198
Inserted: 1467835305
Inserted: 1467835577
Inserted: 1467836024
Inserted: 1467836448
Inserted: 1467837189
Inserted: 1467837384
Inserted: 1467837470
Inserted: 1467837888
Inserted: 1467838189
Inserted: 1467838362
Inserted: 1467839007
Inserted: 1467839405
Inserted: 1467839450
Inserted: 1467840386
Inserted: 1467840552
Inserted: 1467842107
Inserted: 1467842568
Inserted: 1467842607
Inserted: 1467842832
Inserted: 1467842837
Inserted: 1467843470
Inserted: 1467843624
Inserted: 1467844505
Inserted: 1467844907
Inserted: 1467852031
Inserted: 1467852067
Inserted: 1467853135
Inserted: 1467853356
Inserted: 1467853479
Inserted: 1467854345
Inserted: 1467855981
Inserted: 1467856352
Inserted: 1467856919
Inserted: 1467857221
Inserted: 1467857722
Inserted: 1467857975
Inserted: 1467858869
Inserted: 1467859922
Inserted: 1467860895
Inserted: 1467861095
Inserted: 1467862710
Inserted: 1467862806
Inserted: 1467863072
Inserted: 1467863716
Inserted: 1467864250
Inserted: 1467870866
Inserted: 1467871661
Inserted: 1467872136
Inserted: 1467872218
Inserted: 1467872247
Inserted: 1467872355
Inserted: 1467872594
Inserted: 1467872940
Inserted: 1467873980
Inserted: 1467874103
Inserted: 1467875930
Inserted: 1467877833
Inserted: 1467877865
Inserted: 1467878557
Inserted: 1467879984
Inserted: 1467880442
Inserted: 1467880463
Inserted: 1467881131
Inserted: 1467881457
Inserted: 1467881686
Inserted: 1467882491
Inserted: 1467882592
Inserted: 1467882902
Inserted: 1467888953
Inserted: 1467889251
Inserted: 1467889334
Inserted: 1467889791
Inserted: 1467889988
Inserted: 1467890723
Inserted: 1467892945
Inserted: 1467894749
Inserted: 1467894750
Inserted: 1467895048
Inserted: 1467895109
Inserted: 1467895424
Inserted: 1467895478
Inserted: 1467895481
Inserted: 1467896911
Inserted: 1467896996
Inserted: 1467897316
Inserted: 1467898061
Inserted: 1467898078
Inserted: 1467898511
Inserted: 1467899025
Inserted: 1467900033
Inserted: 1467900431
Inserted: 1467904302
Inserted: 1467905378
Inserted: 1467905653
Inserted: 1467907298
Inserted: 1467907876
Inserted: 1467908134
Inserted: 1467908456
Inserted: 1467909222
Inserted: 1467910995
Inserted: 1467911036
Inserted: 1467912100
Inserted: 1467912572
Inserted: 1467912994
Inserted: 1467916695
Inserted: 1467916841
Inserted: 1467917177
Inserted: 1467917302
Inserted: 1467917499
Inserted: 1467917718
Inserted: 1467918015
Inserted: 1467918812
Inserted: 1467918850
Inserted: 1467919452
Inserted: 1467919765
Inserted: 1467923775
Inserted: 1467924273
Inserted: 1467925327
Inserted: 1467925657
Inserted: 1467927987
Inserted: 1467928014
Inserted: 1467929184
Inserted: 1467929248
Inserted: 1467930309
Inserted: 1467931027
Inserted: 1467931396
Inserted: 1467932117
Inserted: 1467933295
Inserted: 1467933662
Inserted: 1467934184
Inserted: 1467934606
Inserted: 1467935121
Inserted: 1467936498
Inserted: 1467936901
Inserted: 1467937128
Inserted: 1467937189
Inserted: 1467937250
Inserted: 1467943526
Inserted: 1467943966
Inserted: 1467944581
Inserted: 1467944654
Inserted: 1467945885
Inserted: 1467947913
Inserted: 1467948169
Inserted: 1467948521
Inserted: 1467950027
Inserted: 1467950029
Inserted: 1467950687
Inserted: 1467951035
Inserted: 1467951850
Inserted: 1467952069
Inserted: 1467952100
Inserted: 1467952699
Inserted: 1467953500
Inserted: 1467953681
Inserted: 1467954070
Inserted: 1467960388
Inserted: 1467962897
Inserted: 1467963880
Inserted: 1467966187
Inserted: 1467966271
Inserted: 1467967432
Inserted: 1467967862
Inserted: 1467968741
Inserted: 1467968979
Inserted: 1467969478
Inserted: 1467969625
Inserted: 1467970648
Inserted: 1467970783
Inserted: 1467971318
Inserted: 1467971407
Inserted: 1467971977
Inserted: 1467972262
Inserted: 1467972493
Inserted: 1467978585
Inserted: 1467978803
Inserted: 1467979094
Inserted: 1467979479
Inserted: 1467979491
Inserted: 1467979782
Inserted: 1467980053
Inserted: 1467980679
Inserted: 1467981007
Inserted: 1467981408
Inserted: 1467981584
Inserted: 1467982038
Inserted: 1467982077
Inserted: 1467982235
Inserted: 1467982606
Inserted: 1467983247
Inserted: 1467983249
Inserted: 1467983568
Inserted: 1467985166
Inserted: 1467985226
Inserted: 1467985560
Inserted: 1467986976
Inserted: 1467987619
Inserted: 1467987736
Inserted: 1467987971
Inserted: 1467989188
Inserted: 1467990628
Inserted: 1467992207
Inserted: 1467992521
Inserted: 1467992592
Inserted: 1467992696
Inserted: 1467993608
Inserted: 1467993829
Inserted: 1467994519
Inserted: 1467995433
Inserted: 1467995609
Inserted: 1467996633
Inserted: 1467996852
Inserted: 1467998248
Inserted: 1467998928
Inserted: 1467999499
Inserted: 1468000700
Inserted: 1468001543
Inserted: 1468002902
Inserted: 1468003324
Inserted: 1468004048
Inserted: 1468004641
Inserted: 1468004846
Inserted: 1468005297
Inserted: 1468006169
Inserted: 1468006296
Inserted: 1468006362
Inserted: 1468006681
Inserted: 1468006784
Inserted: 1468010346
Inserted: 1468011003
Inserted: 1468012099
Inserted: 1468012152
Inserted: 1468012289
Inserted: 1468012316
Inserted: 1468013020
Inserted: 1468013135
Inserted: 1468013866
Inserted: 1468014340
Inserted: 1468018610
Inserted: 1468019147
Inserted: 1468020159
Inserted: 1468020550
Inserted: 1468020636
Inserted: 1468020989
Inserted: 1468021321
Inserted: 1468021330
Inserted: 1468021397
Inserted: 1468022265
Inserted: 1468022377
Inserted: 1468022707
Inserted: 1468022727
Inserted: 1468023065
Inserted: 1468023146
Inserted: 1468023868
Inserted: 1468024089
Inserted: 1468031172
Inserted: 1468031439
Inserted: 1468031563
Inserted: 1468032209
Inserted: 1468032547
Inserted: 1468032572
Inserted: 1468032862
Inserted: 1468033122
Inserted: 1468033516
Inserted: 1468034467
Inserted: 1468034646
Inserted: 1468035468
Inserted: 1468035840
Inserted: 1468036634
Inserted: 1468037361
Inserted: 1468037612
Inserted: 1468037939
Inserted: 1468038045
Inserted: 1468038893
Inserted: 1468039856
Inserted: 1468039895
Inserted: 1468042752
Inserted: 1468043300
Inserted: 1468043306
Inserted: 1468043785
Inserted: 1468043970
Inserted: 1468044846
Inserted: 1468045201
Inserted: 1468045539
Inserted: 1468046904
Inserted: 1468048178
Inserted: 1468048746
Inserted: 1468049696
Inserted: 1468050631
Inserted: 1468051150
Inserted: 1468051981
Inserted: 1468052063
Inserted: 1468052239
Inserted: 1468052359
Inserted: 1468052908
Inserted: 1468053869
Inserted: 1468055604
Inserted: 1468056316
Inserted: 1468056420
Inserted: 1468060798
Inserted: 1468061448
Inserted: 1468062021
Inserted: 1468062288
Inserted: 1468062416
Inserted: 1468062724
Inserted: 1468063973
Inserted: 1468064699
Inserted: 1468064853
Inserted: 1468066505
Inserted: 1468066623
Inserted: 1468066921
Inserted: 1468067049
Inserted: 1468067472
Inserted: 1468067665
Inserted: 1468068604
Inserted: 1468068620
Inserted: 1468069034
Inserted: 1468069257
Inserted: 1468069296
Inserted: 1468069323
Inserted: 1468069413
Inserted: 1468071691
Inserted: 1468072530
Inserted: 1468074296
Inserted: 1468074472
Inserted: 1468074513
Inserted: 1468074521
Inserted: 1468074597
Inserted: 1468074684
Inserted: 1468074996
Inserted: 1468075102
Inserted: 1468075552
Inserted: 1468075570
Inserted: 1468075671
Inserted: 1468076636
Inserted: 1468076724
Inserted: 1468076942
Inserted: 1468077336
Inserted: 1468077685
Inserted: 1468077700
Inserted: 1468078957
Inserted: 1468079556
Inserted: 1468080524
Inserted: 1468082681
Inserted: 1468084012
Inserted: 1468084023
Inserted: 1468084476
Inserted: 1468084774
Inserted: 1468086039
Inserted: 1468087387
Inserted: 1468087595
Inserted: 1468087761
Inserted: 1468088145
Inserted: 1468093070
Inserted: 1468093327
Inserted: 1468096121
Inserted: 1468096934
Inserted: 1468096949
Inserted: 1468096988
Inserted: 1468097515
Inserted: 1468098454
Inserted: 1468098463
Inserted: 1468098976
Inserted: 1468099380
Inserted: 1468099707
Inserted: 1468100557
Inserted: 1468100599
Inserted: 1468100611
Inserted: 1468101243
Inserted: 1468101471
Inserted: 1468101838
Inserted: 1468102767
Inserted: 1468106339
Inserted: 1468107136
Inserted: 1468107193
Inserted: 1468108857
Inserted: 1468108999
Inserted: 1468111153
Inserted: 1468111947
Inserted: 1468112836
Inserted: 1468113039
Inserted: 1468113109
Inserted: 1468113544
Inserted: 1468113940
Inserted: 1468114193
Inserted: 1468114530
Inserted: 1468115212
Inserted: 1468115497
Inserted: 1467810369
Inserted: 1467811594
Inserted: 1467810672
Inserted: 1467811193
Inserted: 1467811372
Inserted: 1467812416
Inserted: 1467813985
Inserted: 1467813992
Inserted: 1467814192
Inserted: 1467814883
Inserted: 1467816149
Inserted: 1467816749
Inserted: 1467818007
Inserted: 1467818020
Inserted: 1467818603
Inserted: 1467818900
Inserted: 1467819712
Inserted: 1467819812
Inserted: 1467820206
Inserted: 1467820906
Inserted: 1467821338
Inserted: 1467822384
Inserted: 1467822389
Inserted: 1467822522
Inserted: 1467822918
Inserted: 1467823437
Inserted: 1467823770
Inserted: 1467824967
Inserted: 1467825642
Inserted: 1467833690
Inserted: 1467833736
Inserted: 1467834001
Inserted: 1467835085
Inserted: 1467836024
Inserted: 1467836111
Inserted: 1467836448
Inserted: 1467836576
Inserted: 1467836583
Inserted: 1467837384
Inserted: 1467837762
Inserted: 1467839450
Inserted: 1467840016
Inserted: 1467841189
Inserted: 1467841204
Inserted: 1467841832
Inserted: 1467842107
Inserted: 1467842299
Inserted: 1467842607
Inserted: 1467843075
Inserted: 1467843215
Inserted: 1467843647
Inserted: 1467843734
Inserted: 1467843740
Inserted: 1467844140
Inserted: 1467844505
Inserted: 1467853356
Inserted: 1467853479
Inserted: 1467854345
Inserted: 1467854706
Inserted: 1467855981
Inserted: 1467856632
Inserted: 1467856919
Inserted: 1467857221
Inserted: 1467857378
Inserted: 1467857975
Inserted: 1467858363
Inserted: 1467859436
Inserted: 1467859558
Inserted: 1467859666
Inserted: 1467859922
Inserted: 1467860144
Inserted: 1467860268
Inserted: 1467861095
Inserted: 1467861413
Inserted: 1467862313
Inserted: 1467862411
Inserted: 1467863633
Inserted: 1467863684
Inserted: 1467863716
Inserted: 1467864250
Inserted: 1467871226
Inserted: 1467871545
Inserted: 1467871661
Inserted: 1467872181
Inserted: 1467872247
Inserted: 1467872594
Inserted: 1467872638
Inserted: 1467872940
Inserted: 1467873004
Inserted: 1467873828
Inserted: 1467873980
Inserted: 1467874103
Inserted: 1467876652
Inserted: 1467877865
Inserted: 1467878557
Inserted: 1467880085
Inserted: 1467881474
Inserted: 1467881897
Inserted: 1467881920
Inserted: 1467882491
Inserted: 1467882592
Inserted: 1467888732
Inserted: 1467889251
Inserted: 1467889791
Inserted: 1467890212
Inserted: 1467890723
Inserted: 1467892419
Inserted: 1467892889
Inserted: 1467892945
Inserted: 1467893275
Inserted: 1467893504
Inserted: 1467894600
Inserted: 1467894898
Inserted: 1467895109
Inserted: 1467895481
Inserted: 1467895712
Inserted: 1467896898
Inserted: 1467896911
Inserted: 1467896996
Inserted: 1467897981
Inserted: 1467898061
Inserted: 1467898078
Inserted: 1467898676
Inserted: 1467899025
Inserted: 1467899451
Inserted: 1467899753
Inserted: 1467900898
Inserted: 1467901250
Inserted: 1467901437
Inserted: 1467901500
Inserted: 1467905125
Inserted: 1467906723
Inserted: 1467907298
Inserted: 1467908012
Inserted: 1467908134
Inserted: 1467908456
Inserted: 1467908853
Inserted: 1467909292
Inserted: 1467912100
Inserted: 1467912572
Inserted: 1467912842
Inserted: 1467916510
Inserted: 1467916841
Inserted: 1467916959
Inserted: 1467917302
Inserted: 1467917484
Inserted: 1467917499
Inserted: 1467918560
Inserted: 1467918728
Inserted: 1467918850
Inserted: 1467919452
Inserted: 1467923235
Inserted: 1467923247
Inserted: 1467926153
Inserted: 1467926444
Inserted: 1467926632
Inserted: 1467927126
Inserted: 1467928037
Inserted: 1467928676
Inserted: 1467928749
Inserted: 1467929184
Inserted: 1467929601
Inserted: 1467929809
Inserted: 1467930220
Inserted: 1467930341
Inserted: 1467931396
Inserted: 1467931501
Inserted: 1467931983
Inserted: 1467932208
Inserted: 1467932549
Inserted: 1467932979
Inserted: 1467933494
Inserted: 1467935189
Inserted: 1467936901
Inserted: 1467937038
Inserted: 1467937250
Inserted: 1467937393
Inserted: 1467937402
Inserted: 1467942658
Inserted: 1467943375
Inserted: 1467943851
Inserted: 1467944317
Inserted: 1467945151
Inserted: 1467945476
Inserted: 1467946026
Inserted: 1467947005
Inserted: 1467947104
Inserted: 1467948434
Inserted: 1467948979
Inserted: 1467949047
Inserted: 1467949516
Inserted: 1467950029
Inserted: 1467950510
Inserted: 1467950866
Inserted: 1467950975
Inserted: 1467952699
Inserted: 1467952985
Inserted: 1467953500
Inserted: 1467953733
Inserted: 1467959908
Inserted: 1467960481
Inserted: 1467960840
Inserted: 1467961091
Inserted: 1467961146
Inserted: 1467962336
Inserted: 1467962634
Inserted: 1467963477
Inserted: 1467963715
Inserted: 1467963880
Inserted: 1467964211
Inserted: 1467965949
Inserted: 1467965994
Inserted: 1467966560
Inserted: 1467966646
Inserted: 1467967862
Inserted: 1467968785
Inserted: 1467968979
Inserted: 1467969625
Inserted: 1467970917
Inserted: 1467971977
Inserted: 1467972262
Inserted: 1467972931
Inserted: 1467978803
Inserted: 1467979291
Inserted: 1467979479
Inserted: 1467979491
Inserted: 1467980262
Inserted: 1467980679
Inserted: 1467981027
Inserted: 1467982077
Inserted: 1467982442
Inserted: 1467982607
Inserted: 1467982718
Inserted: 1467983249
Inserted: 1467983745
Inserted: 1467985031
Inserted: 1467985114
Inserted: 1467985226
Inserted: 1467986284
Inserted: 1467986323
Inserted: 1467990374
Inserted: 1467990628
Inserted: 1467992866
Inserted: 1467993509
Inserted: 1467994306
Inserted: 1467994316
Inserted: 1467994419
Inserted: 1467995216
Inserted: 1467995609
Inserted: 1467996032
Inserted: 1467998037
Inserted: 1467998248
Inserted: 1467998362
Inserted: 1467998657
Inserted: 1467998795
Inserted: 1467999423
Inserted: 1467999499
Inserted: 1468000812
Inserted: 1468001978
Inserted: 1468003264
Inserted: 1468005297
Inserted: 1468006169
Inserted: 1468006362
Inserted: 1468006505
Inserted: 1468006591
Inserted: 1468006748
Inserted: 1468010346
Inserted: 1468011003
Inserted: 1468012152
Inserted: 1468012988
Inserted: 1468013020
Inserted: 1468013135
Inserted: 1468013773
Inserted: 1468014152
Inserted: 1468014571
Inserted: 1468014803
Inserted: 1468015635
Inserted: 1468017259
Inserted: 1468018399
Inserted: 1468018434
Inserted: 1468019183
Inserted: 1468019679
Inserted: 1468020159
Inserted: 1468020550
Inserted: 1468020989
Inserted: 1468021282
Inserted: 1468021330
Inserted: 1468022707
Inserted: 1468022727
Inserted: 1468023146
Inserted: 1468023868
Inserted: 1468024248
Inserted: 1468024469
Inserted: 1468024495
Inserted: 1468030831
Inserted: 1468031438
Inserted: 1468031563
Inserted: 1468031616
Inserted: 1468031800
Inserted: 1468032209
Inserted: 1468032547
Inserted: 1468033152
Inserted: 1468033194
Inserted: 1468033365
Inserted: 1468033516
Inserted: 1468034035
Inserted: 1468034808
Inserted: 1468035417
Inserted: 1468035613
Inserted: 1468035840
Inserted: 1468037803
Inserted: 1468037939
Inserted: 1468037989
Inserted: 1468038045
Inserted: 1468038099
Inserted: 1468038583
Inserted: 1468038893
Inserted: 1468039579
Inserted: 1468039686
Inserted: 1468039856
Inserted: 1468039895
Inserted: 1468040012
Inserted: 1468041919
Inserted: 1468042457
Inserted: 1468043104
Inserted: 1468043306
Inserted: 1468043598
Inserted: 1468044622
Inserted: 1468044821
Inserted: 1468045043
Inserted: 1468046392
Inserted: 1468047066
Inserted: 1468048178
Inserted: 1468051256
Inserted: 1468051743
Inserted: 1468051911
Inserted: 1468052484
Inserted: 1468053198
Inserted: 1468054887
Inserted: 1468055604
Inserted: 1468055791
Inserted: 1468056420
Inserted: 1468060375
Inserted: 1468061448
Inserted: 1468062288
Inserted: 1468062309
Inserted: 1468063402
Inserted: 1468063973
Inserted: 1468064853
Inserted: 1468065053
Inserted: 1468065187
Inserted: 1468066505
Inserted: 1468067472
Inserted: 1468068303
Inserted: 1468068604
Inserted: 1468068620
Inserted: 1468069257
Inserted: 1468069413
Inserted: 1468074472
Inserted: 1468074521
Inserted: 1468075552
Inserted: 1468076498
Inserted: 1468077666
Inserted: 1468078738
Inserted: 1468078957
Inserted: 1468079019
Inserted: 1468080181
Inserted: 1468081296
Inserted: 1468082561
Inserted: 1468083777
Inserted: 1468083884
Inserted: 1468084476
Inserted: 1468086949
Inserted: 1468087207
Inserted: 1468087387
Inserted: 1468087596
Inserted: 1468087761
Inserted: 1468088145
Inserted: 1468088351
Inserted: 1468088416
Inserted: 1468093045
Inserted: 1468093070
Inserted: 1468093249
Inserted: 1468093373
Inserted: 1468093726
Inserted: 1468096988
Inserted: 1468097165
Inserted: 1468098463
Inserted: 1468098558
Inserted: 1468098819
Inserted: 1468099029
Inserted: 1468099380
Inserted: 1468099707
Inserted: 1468100148
Inserted: 1468100346
Inserted: 1468100519
Inserted: 1468101383
Inserted: 1468103554
Inserted: 1468107136
Inserted: 1468107995
Inserted: 1468108121
Inserted: 1468108602
Inserted: 1468108857
Inserted: 1468111182
Inserted: 1468111706
Inserted: 1468112301
Inserted: 1468112535
Inserted: 1468112836
Inserted: 1468112932
Inserted: 1468113039
Inserted: 1468113885
Inserted: 1468113940
Inserted: 1468114193
Inserted: 1468114608
Inserted: 1468114836
Inserted: 1468115272
Inserted: 1468115518
Inserted: 1468115720
Inserted: 1468116482
Inserted: 1468117029
Inserted: 1468117149
Inserted: 1468117261
Inserted: 1468117349
Inserted: 1468117822
Inserted: 1468118017
Inserted: 1468120850
Inserted: 1468122136
Inserted: 1468122943
Inserted: 1468123671
Inserted: 1468124898
Inserted: 1468126823
Inserted: 1468126872
Inserted: 1468127034
Inserted: 1468127615
Inserted: 1468129510
Inserted: 1468130270
Inserted: 1468130353
Inserted: 1468131389
Inserted: 1468131748
Inserted: 1468131943
Inserted: 1468132270
Inserted: 1468132941
Inserted: 1468133099
Inserted: 1468133212
Inserted: 1468133697
Inserted: 1468135546
Inserted: 1468135579
Inserted: 1468135920
Inserted: 1468136008
Inserted: 1468136021
Inserted: 1468136206
Inserted: 1468136634
Inserted: 1468137924
Inserted: 1468138167
Inserted: 1468138990
Inserted: 1468140312
Inserted: 1468140400
Inserted: 1468141015
Inserted: 1468141439
Inserted: 1468141981
Inserted: 1468142116
Inserted: 1468143969
Inserted: 1468144327
Inserted: 1468145662
Inserted: 1468147072
Inserted: 1468147206
Inserted: 1468147673
Inserted: 1468148344
Inserted: 1468148422
Inserted: 1468148661
Inserted: 1468148717
Inserted: 1468150732
Inserted: 1468150747
Inserted: 1468152662
Inserted: 1468154663
Inserted: 1468154764
Inserted: 1468155619
Inserted: 1468156184
Inserted: 1468156896
Inserted: 1468157671
Inserted: 1468157999
Inserted: 1468158218
Inserted: 1468159766
Inserted: 1468159996
Inserted: 1468160209
Inserted: 1468160655
Inserted: 1468161209
Inserted: 1468161262
Inserted: 1468161290
Inserted: 1468161937
Inserted: 1468163233
Inserted: 1468163309
Inserted: 1468163470
Inserted: 1468164104
Inserted: 1468167146
Inserted: 1468167349
Inserted: 1468167571
Inserted: 1468167941
Inserted: 1468168653
Inserted: 1468168723
Inserted: 1468169708
Inserted: 1468169781
Inserted: 1468169995
Inserted: 1468170306
Inserted: 1468170529
Inserted: 1468171809
Inserted: 1468171865
Inserted: 1468172770
Inserted: 1468173029
Inserted: 1468173373
Inserted: 1468173832
Inserted: 1468174264
Inserted: 1468174290
Inserted: 1468176369
Inserted: 1468176438
Inserted: 1468176965
Inserted: 1468177065
Inserted: 1468177303
Inserted: 1468177620
Inserted: 1468178802
Inserted: 1468185887
Inserted: 1468185939
Inserted: 1468186965
Inserted: 1468187353
Inserted: 1468188554
Inserted: 1468188961
Inserted: 1468189072
Inserted: 1468189191
Inserted: 1468190029
Inserted: 1468190143
Inserted: 1468191166
Inserted: 1468191837
Inserted: 1468192499
Inserted: 1468192673
Inserted: 1468192697
Inserted: 1468192755
Inserted: 1468192971
Inserted: 1468193375
Inserted: 1468193469
Inserted: 1468193629
Inserted: 1468195008
Inserted: 1468195190
Inserted: 1468195269
Inserted: 1468198676
Inserted: 1468200563
Inserted: 1468201138
Inserted: 1468201902
Inserted: 1468202009
Inserted: 1468202565
Inserted: 1468203427
Inserted: 1468203516
Inserted: 1468203908
Inserted: 1468205332
Inserted: 1468205916
Inserted: 1468206751
Inserted: 1468206805
Inserted: 1468207090
Inserted: 1468207891
Inserted: 1468207984
Inserted: 1468209131
Inserted: 1468209388
Inserted: 1468209990
Inserted: 1468210446
Inserted: 1468210813
Inserted: 1468211151
Inserted: 1468212015
Inserted: 1468214644
Inserted: 1468215862
Inserted: 1468215904
Inserted: 1468216134
Inserted: 1468216313
Inserted: 1468216565
Inserted: 1468218798
Inserted: 1468219210
Inserted: 1468220615
Inserted: 1468220880
Inserted: 1468221028
Inserted: 1468221048
Inserted: 1468222195
Inserted: 1468223212
Inserted: 1468223262
Inserted: 1468223318
Inserted: 1468223525
Inserted: 1468223633
Inserted: 1468223853
Inserted: 1468223982
Inserted: 1468224250
Inserted: 1468224344
Inserted: 1468224414
Inserted: 1468226377
Inserted: 1468227353
Inserted: 1468228123
Inserted: 1468228393
Inserted: 1468228566
Inserted: 1468229395
Inserted: 1468231113
Inserted: 1468232824
Inserted: 1468233030
Inserted: 1468234282
Inserted: 1468234997
Inserted: 1468236870
Inserted: 1468237661
Inserted: 1468237946
Inserted: 1468238111
Inserted: 1468238456
Inserted: 1468238577
Inserted: 1468238925
Inserted: 1468242583
Inserted: 1468243864
Inserted: 1468244230
Inserted: 1468244282
Inserted: 1468244575
Inserted: 1468244952
Inserted: 1468245061
Inserted: 1468245323
Inserted: 1468245379
Inserted: 1468245393
Inserted: 1468245799
Inserted: 1468246294
Inserted: 1468246942
Inserted: 1468247128
Inserted: 1468247294
Inserted: 1468248779
Inserted: 1468249787
Inserted: 1468250864
Inserted: 1468251325
Inserted: 1468251831
Inserted: 1468252147
Inserted: 1468252418
Inserted: 1468253551
Inserted: 1468254689
Inserted: 1468257623
Inserted: 1468258114
Inserted: 1468258405
Inserted: 1468259534
Inserted: 1468259628
Inserted: 1468259939
Inserted: 1468260740
Inserted: 1468261947
Inserted: 1468262344
Inserted: 1468264308
Inserted: 1468268530
Inserted: 1468269348
Inserted: 1468271665
Inserted: 1468273157
Inserted: 1468275243
Inserted: 1468275443
Inserted: 1468276136
Inserted: 1468276306
Inserted: 1468276475
Inserted: 1468277004
Inserted: 1468277153
Inserted: 1468277929
Inserted: 1468278354
Inserted: 1468278818
Inserted: 1468278902
Inserted: 1468279721
Inserted: 1468279996
Inserted: 1468280426
Inserted: 1468280970
Inserted: 1468283102
Inserted: 1468286113
Inserted: 1468286242
Inserted: 1468286882
Inserted: 1468286915
Inserted: 1468287156
Inserted: 1468287671
Inserted: 1468287775
Inserted: 1468288167
Inserted: 1468288203
Inserted: 1468288295
Inserted: 1468289029
Inserted: 1468289481
Inserted: 1468289922
Inserted: 1468290215
Inserted: 1468290274
Inserted: 1468290646
Inserted: 1468291794
Inserted: 1468292332
Inserted: 1468292687
Inserted: 1468293739
Inserted: 1468295045
Inserted: 1468295118
Inserted: 1468295166
Inserted: 1468295776
Inserted: 1468296363
Inserted: 1468296547
Inserted: 1468296603
Inserted: 1468297577
Inserted: 1468297944
Inserted: 1468298380
Inserted: 1468298983
Inserted: 1468299644
Inserted: 1468301176
Inserted: 1468301308
Inserted: 1468301531
Inserted: 1468301542
Inserted: 1468301700
Inserted: 1468304084
Inserted: 1468304873
Inserted: 1468304945
Inserted: 1468305085
Inserted: 1468305298
Inserted: 1468306794
Inserted: 1468307546
Inserted: 1468308294
Inserted: 1468312591
Inserted: 1468313074
Inserted: 1468313226
Inserted: 1468313255
Inserted: 1468313741
Inserted: 1468313951
Inserted: 1468314060
Inserted: 1468315165
Inserted: 1468315899
Inserted: 1468315952
Inserted: 1468316547
Inserted: 1468316655
Inserted: 1468318009
Inserted: 1468320352
Inserted: 1468320485
Inserted: 1468321382
Inserted: 1468321965
Inserted: 1468323068
Inserted: 1468323119
Inserted: 1468324066
Inserted: 1468324465
Inserted: 1468324485
Inserted: 1468324530
Inserted: 1468325296
Inserted: 1468328328
Inserted: 1468328945
Inserted: 1468328980
Inserted: 1468329221
Inserted: 1468329339
Inserted: 1468330836
Inserted: 1468331831
Inserted: 1468332203
Inserted: 1468332244
Inserted: 1468332867
Inserted: 1468333249
Inserted: 1468334462
Inserted: 1468335209
Inserted: 1468335557
Inserted: 1468335636
Inserted: 1468336160
Inserted: 1468336219
Inserted: 1468336500
Inserted: 1468337010
Inserted: 1468337079
Inserted: 1468337667
Inserted: 1468338165
Inserted: 1468338614
Inserted: 1468338634
Inserted: 1468338688
Inserted: 1468338733
Inserted: 1468339111
Inserted: 1468339206
Inserted: 1468339324
Inserted: 1468339411
Inserted: 1468339451
Inserted: 1468339988
Inserted: 1468340128
Inserted: 1468340955
Inserted: 1468342595
Inserted: 1468342622
Inserted: 1468343256
Inserted: 1468343476
Inserted: 1468343551
Inserted: 1468344442
Inserted: 1468346994
Inserted: 1468347770
Inserted: 1468349438
Inserted: 1468349840
Inserted: 1468350585
Inserted: 1468351264
Inserted: 1468351322
Inserted: 1468351490
Inserted: 1468352313
Inserted: 1468352859
Inserted: 1468353159
Inserted: 1468357465
Inserted: 1468357559
Inserted: 1468357879
Inserted: 1468359747
Inserted: 1468359766
Inserted: 1468362467
Inserted: 1468362542
Inserted: 1468362683
Inserted: 1468363071
Inserted: 1468363676
Inserted: 1468365487
Inserted: 1468365646
Inserted: 1468367488
Inserted: 1468369075
Inserted: 1468371395
Inserted: 1468371683
Inserted: 1468371791
Inserted: 1468372392
Inserted: 1468373019
Inserted: 1468374010
Inserted: 1468374080
Inserted: 1468374567
Inserted: 1468374828
Inserted: 1468376220
Inserted: 1468376386
Inserted: 1468376507
Inserted: 1468376513
Inserted: 1468377527
Inserted: 1468377592
Inserted: 1468377846
Inserted: 1468378038
Inserted: 1468378901
Inserted: 1468379366
Inserted: 1468379622
Inserted: 1468379629
Inserted: 1468380624
Inserted: 1468380905
Inserted: 1468382808
Inserted: 1468382935
Inserted: 1468382936
Inserted: 1468383127
Inserted: 1468383438
Inserted: 1468383649
Inserted: 1468383979
Inserted: 1468384517
Inserted: 1468385389
Inserted: 1468385688
Inserted: 1468385727
Inserted: 1468385738
Inserted: 1468385804
Inserted: 1468386803
Inserted: 1468386931
Inserted: 1468387031
Inserted: 1468387095
Inserted: 1468387251
Inserted: 1468387357
Inserted: 1468387458
Inserted: 1468387462
Inserted: 1468388154
Inserted: 1468390678
Inserted: 1468390757
Inserted: 1468390818
Inserted: 1468391027
Inserted: 1468391172
Inserted: 1468391942
Inserted: 1468392015
Inserted: 1468392100
Inserted: 1468393526
Inserted: 1468394508
Inserted: 1468394737
Inserted: 1468395075
Inserted: 1468395561
Inserted: 1468395582
Inserted: 1468397193
Inserted: 1468398313
Inserted: 1468399171
Inserted: 1468401346
Inserted: 1468401416
Inserted: 1468402174
Inserted: 1468402867
Inserted: 1468403421
Inserted: 1468403517
Inserted: 1468403707
Inserted: 1468405683
Inserted: 1468406890
Inserted: 1468407370
Inserted: 1468407652
Inserted: 1468408276
Inserted: 1468408566
Inserted: 1468409096
Inserted: 1468410086
Inserted: 1468410636
Inserted: 1468412147
Inserted: 1468412691
Inserted: 1468413596
Inserted: 1468413640
Inserted: 1468414345
Inserted: 1468415002
Inserted: 1468415328
Inserted: 1468415592
Inserted: 1468416942
Inserted: 1468416968
Inserted: 1468417008
Inserted: 1468417099
Inserted: 1468419131
Inserted: 1468419360
Inserted: 1468419413
Inserted: 1468420020
Inserted: 1468420776
Inserted: 1468421206
Inserted: 1468422135
Inserted: 1468422966
Inserted: 1468423419
Inserted: 1468423640
Inserted: 1468424759
Inserted: 1468425130
Inserted: 1468425681
Inserted: 1468426052
Inserted: 1468426159
Inserted: 1468426470
Inserted: 1468427421
Inserted: 1468429115
Inserted: 1468431689
Inserted: 1468432240
Inserted: 1468433041
Inserted: 1468433874
Inserted: 1468433879
Inserted: 1468434280
Inserted: 1468434965
Inserted: 1468435144
Inserted: 1468435635
Inserted: 1468439611
Inserted: 1468439925
Inserted: 1468440106
Inserted: 1468440269
Inserted: 1468440571
Inserted: 1468441009
Inserted: 1468441073
Inserted: 1468441560
Inserted: 1468441667
Inserted: 1468441772
Inserted: 1468442929
Inserted: 1468443331
Inserted: 1468443823
Inserted: 1468444404
Inserted: 1468444801
Inserted: 1468445683
Inserted: 1468446352
Inserted: 1468446642
Inserted: 1468447322
Inserted: 1468447506
Inserted: 1468447848
Inserted: 1468447918
Inserted: 1468448691
Inserted: 1468449262
Inserted: 1468449414
Inserted: 1468449589
Inserted: 1468450665
Inserted: 1468451589
Inserted: 1468451621
Inserted: 1468452109
Inserted: 1468452198
Inserted: 1468452854
Inserted: 1468453223
Inserted: 1468454026
Inserted: 1468455311
Inserted: 1468455771
Inserted: 1468456102
Inserted: 1468456791
Inserted: 1468456945
Inserted: 1468456946
Inserted: 1468457178
Inserted: 1468457279
Inserted: 1468457573
Inserted: 1468459057
Inserted: 1468459519
Inserted: 1468460152
Inserted: 1468460408
Inserted: 1468460477
Inserted: 1468460495
Inserted: 1468460634
Inserted: 1468460658
Inserted: 1468463357
Inserted: 1468463375
Inserted: 1468463689
Inserted: 1468463742
Inserted: 1468464252
Inserted: 1468464944
Inserted: 1468466027
Inserted: 1468466307
Inserted: 1468466782
Inserted: 1468466892
Inserted: 1468467248
Inserted: 1468468097
Inserted: 1468468139
Inserted: 1468468898
Inserted: 1468468955
Inserted: 1468469066
Inserted: 1468469427
Inserted: 1468469640
Inserted: 1468471112
Inserted: 1468471467
Inserted: 1468473980
Inserted: 1468476454
Inserted: 1468477698
Inserted: 1468479137
Inserted: 1468480071
Inserted: 1468480355
Inserted: 1468480585
Inserted: 1468480593
Inserted: 1468480976
Inserted: 1468481761
Inserted: 1468482789
Inserted: 1468483569
Inserted: 1468484535
Inserted: 1468485038
Inserted: 1468487433
Inserted: 1468488036
Inserted: 1468488713
Inserted: 1468488975
Inserted: 1468489507
Inserted: 1468489520
Inserted: 1468492873
Inserted: 1468493377
Inserted: 1468493677
Inserted: 1468494732
Inserted: 1468494789
Inserted: 1468494849
Inserted: 1468495130
Inserted: 1468495833
Inserted: 1468495877
Inserted: 1468496352
Inserted: 1468496366
Inserted: 1468498034
Inserted: 1468498332
Inserted: 1468498896
Inserted: 1468500372
Inserted: 1468500546
Inserted: 1468501592
Inserted: 1468501599
Inserted: 1468501746
Inserted: 1468502371
Inserted: 1468503555
Inserted: 1468504713
Inserted: 1468505135
Inserted: 1468505282
Inserted: 1468507491
Inserted: 1468507783
Inserted: 1468507796
Inserted: 1468508226
Inserted: 1468508797
Inserted: 1468509098
Inserted: 1468511278
Inserted: 1468511722
Inserted: 1468511743
Inserted: 1468512809
Inserted: 1468513298
Inserted: 1468513392
Inserted: 1468514218
Inserted: 1468514345
Inserted: 1468515051
Inserted: 1468515839
Inserted: 1468515910
Inserted: 1468517081
Inserted: 1468517434
Inserted: 1468517778
Inserted: 1468517885
Inserted: 1468518013
Inserted: 1468518185
Inserted: 1468518601
Inserted: 1468518616
Inserted: 1468518661
Inserted: 1468519716
Inserted: 1468521339
Inserted: 1468521739
Inserted: 1468522517
Inserted: 1468522689
Inserted: 1468522829
Inserted: 1468523421
Inserted: 1468523989
Inserted: 1468524966
Inserted: 1468525551
Inserted: 1468525616
Inserted: 1468525712
Inserted: 1468525918
Inserted: 1468526847
Inserted: 1468527108
Inserted: 1468527541
Inserted: 1468528378
Inserted: 1468528850
Inserted: 1468529203
Inserted: 1468529240
Inserted: 1468530302
Inserted: 1468530382
Inserted: 1468530742
Inserted: 1468532733
Inserted: 1468533079
Inserted: 1468534089
Inserted: 1468534771
Inserted: 1468535027
Inserted: 1468536517
Inserted: 1468536884
Inserted: 1468537872
Inserted: 1468538433
Inserted: 1468539136
Inserted: 1468539812
Inserted: 1468540132
Inserted: 1468541138
Inserted: 1468541394
Inserted: 1468541670
Inserted: 1468541693
Inserted: 1468541920
Inserted: 1468543053
Inserted: 1468543219
Inserted: 1468543510
Inserted: 1468543584
Inserted: 1468544893
Inserted: 1468545035
Inserted: 1468545106
Inserted: 1468547124
Inserted: 1468547246
Inserted: 1468547530
Inserted: 1468547591
Inserted: 1468547871
Inserted: 1468548353
Inserted: 1468548790
Inserted: 1468551419
Inserted: 1468551802
Inserted: 1468552124
Inserted: 1468552168
Inserted: 1468554091
Inserted: 1468554127
Inserted: 1468555873
Inserted: 1468556545
Inserted: 1468556716
Inserted: 1468556849
Inserted: 1468557461
Inserted: 1468557855
Inserted: 1468560811
Inserted: 1468560814
Inserted: 1468562141
Inserted: 1468562484
Inserted: 1468562542
Inserted: 1468563166
Inserted: 1468563245
Inserted: 1468563532
Inserted: 1468564766
Inserted: 1468565154
Inserted: 1468566147
Inserted: 1468567016
Inserted: 1468567420
Inserted: 1468567750
Inserted: 1468568311
Inserted: 1468568699
Inserted: 1468569419
Inserted: 1468570594
Inserted: 1468571685
Inserted: 1468572021
Inserted: 1468572028
Inserted: 1468572476
Inserted: 1468572937
Inserted: 1468573416
Inserted: 1468573723
Inserted: 1468574100
Inserted: 1468574970
Inserted: 1468575547
Inserted: 1468577526
Inserted: 1468578118
Inserted: 1468578405
Inserted: 1468578466
Inserted: 1468578538
Inserted: 1468578704
Inserted: 1468582630
Inserted: 1468582817
Inserted: 1468583468
Inserted: 1468584115
Inserted: 1468585401
Inserted: 1468586391
Inserted: 1468588643
Inserted: 1468589510
Inserted: 1468589811
Inserted: 1468590276
Inserted: 1468591243
Inserted: 1468591774
Inserted: 1468592279
Inserted: 1468592622
Inserted: 1468594996
Inserted: 1468595182
Inserted: 1468595283
Inserted: 1468595850
Inserted: 1468596885
Inserted: 1468598037
Inserted: 1468598341
Inserted: 1468598459
Inserted: 1468598811
Inserted: 1468598987
Inserted: 1468599213
Inserted: 1468599415
Inserted: 1468601090
Inserted: 1468602461
Inserted: 1468603209
Inserted: 1468603974
Inserted: 1468605376
Inserted: 1468607254
Inserted: 1468608026
Inserted: 1468608214
Inserted: 1468609133
Inserted: 1468609575
Inserted: 1468610083
Inserted: 1468610803
Inserted: 1468611785
Inserted: 1468612855
Inserted: 1468617662
Inserted: 1468618608
Inserted: 1468620198
Inserted: 1468620878
Inserted: 1468620963
Inserted: 1468622500
Inserted: 1468623062
Inserted: 1468625137
Inserted: 1468625240
Inserted: 1468626067
Inserted: 1468626263
Inserted: 1468626371
Inserted: 1468626858
Inserted: 1468627583
Inserted: 1468628161
Inserted: 1468628219
Inserted: 1468630147
Inserted: 1468630176
Inserted: 1468630302
Inserted: 1468630321
Inserted: 1468630391
Inserted: 1468633263
Inserted: 1468633994
Inserted: 1468634552
Inserted: 1468635266
Inserted: 1468635854
Inserted: 1468636515
Inserted: 1468636811
Inserted: 1468637759
Inserted: 1468637931
Inserted: 1468637958
Inserted: 1468638997
Inserted: 1468639202
Inserted: 1468639269
Inserted: 1468641498
Inserted: 1468641786
Inserted: 1468642677
Inserted: 1468643337
Inserted: 1468643979
Inserted: 1468644415
Inserted: 1468644838
Inserted: 1468644920
Inserted: 1468645298
Inserted: 1468646144
Inserted: 1468646653
Inserted: 1468647326
Inserted: 1468648151
Inserted: 1468648867
Inserted: 1468651559
Inserted: 1468651915
Inserted: 1468651926
Inserted: 1468652839
Inserted: 1468653290
Inserted: 1468653533
Inserted: 1468654478
Inserted: 1468654794
Inserted: 1468654820
Inserted: 1468655096
Inserted: 1468655166
Inserted: 1468655673
Inserted: 1468657445
Inserted: 1468658858
Inserted: 1468660902
Inserted: 1468661257
Inserted: 1468663148
Inserted: 1468663313
Inserted: 1468663567
Inserted: 1468663845
Inserted: 1468664538
Inserted: 1468666330
Inserted: 1468668239
Inserted: 1468669969
Inserted: 1468670100
Inserted: 1468670923
Inserted: 1468671120
Inserted: 1468671171
Inserted: 1468674217
Inserted: 1468674794
Inserted: 1468676006
Inserted: 1468676206
Inserted: 1468676216
Inserted: 1468676705
Inserted: 1468677050
Inserted: 1468678398
Inserted: 1468679127
Inserted: 1468679388
Inserted: 1468680054
Inserted: 1468681176
Inserted: 1468681347
Inserted: 1468681455
Inserted: 1468682647
Inserted: 1468683384
Inserted: 1468683440
Inserted: 1468683960
Inserted: 1468684597
Inserted: 1468686594
Inserted: 1468686757
Inserted: 1468686862
Inserted: 1468687112
Inserted: 1468687628
Inserted: 1468687678
Inserted: 1468687716
Inserted: 1468687825
Inserted: 1468687951
Inserted: 1468689077
Inserted: 1468689801
Inserted: 1468691796
Inserted: 1468691825
Inserted: 1468692221
Inserted: 1468693117
Inserted: 1468693443
Inserted: 1468693756
Inserted: 1468693896
Inserted: 1468693970
Inserted: 1468694601
Inserted: 1468695463
Inserted: 1468696535
Inserted: 1468696889
Inserted: 1467811372
Inserted: 1467811795
Inserted: 1467812025
Inserted: 1467812723
Inserted: 1467812799
Inserted: 1467812964
Inserted: 1467813579
Inserted: 1467813992
Inserted: 1467814180
Inserted: 1467814192
Inserted: 1467814783
Inserted: 1467816665
Inserted: 1467816749
Inserted: 1467817374
Inserted: 1467817502
Inserted: 1467819650
Inserted: 1467819812
Inserted: 1467820835
Inserted: 1467820906
Inserted: 1467821085
Inserted: 1467822522
Inserted: 1467822687
Inserted: 1467823770
Inserted: 1467825411
Inserted: 1467833672
Inserted: 1467833690
Inserted: 1467834227
Inserted: 1467834239
Inserted: 1467835345
Inserted: 1467835880
Inserted: 1467836500
Inserted: 1467836583
Inserted: 1467836873
Inserted: 1467837579
Inserted: 1467837819
Inserted: 1467838188
Inserted: 1467838419
Inserted: 1467839477
Inserted: 1467839737
Inserted: 1467839816
Inserted: 1467840016
Inserted: 1467840629
Inserted: 1467841204
Inserted: 1467841832
Inserted: 1467841969
Inserted: 1467842448
Inserted: 1467843215
Inserted: 1467843647
Inserted: 1467843734
Inserted: 1467844140
Inserted: 1467844157
Inserted: 1467845157
Inserted: 1467853431
Inserted: 1467854706
Inserted: 1467854917
Inserted: 1467856426
Inserted: 1467856497
Inserted: 1467859025
Inserted: 1467859408
Inserted: 1467859436
Inserted: 1467859666
Inserted: 1467860268
Inserted: 1467861413
Inserted: 1467862213
Inserted: 1467862313
Inserted: 1467862355
Inserted: 1467862411
Inserted: 1467863507
Inserted: 1467863684
Inserted: 1467871040
Inserted: 1467871223
Inserted: 1467871226
Inserted: 1467871754
Inserted: 1467872175
Inserted: 1467872181
Inserted: 1467873004
Inserted: 1467873256
Inserted: 1467873467
Inserted: 1467873828
Inserted: 1467875163
Inserted: 1467875208
Inserted: 1467876016
Inserted: 1467876133
Inserted: 1467876652
Inserted: 1467876711
Inserted: 1467876944
Inserted: 1467878929
Inserted: 1467878983
Inserted: 1467879203
Inserted: 1467879328
Inserted: 1467880431
Inserted: 1467880692
Inserted: 1467881373
Inserted: 1467881376
Inserted: 1467881474
Inserted: 1467881897
Inserted: 1467890222
Inserted: 1467891880
Inserted: 1467892075
Inserted: 1467892667
Inserted: 1467892720
Inserted: 1467893163
Inserted: 1467893275
Inserted: 1467893504
Inserted: 1467894600
Inserted: 1467894746
Inserted: 1467894786
Inserted: 1467894841
Inserted: 1467896211
Inserted: 1467896253
Inserted: 1467896898
Inserted: 1467897981
Inserted: 1467898676
Inserted: 1467900244
Inserted: 1467900545
Inserted: 1467900898
Inserted: 1467901135
Inserted: 1467901250
Inserted: 1467901346
Inserted: 1467901500
Inserted: 1467908012
Inserted: 1467908672
Inserted: 1467910531
Inserted: 1467910986
Inserted: 1467911302
Inserted: 1467911624
Inserted: 1467912333
Inserted: 1467912842
Inserted: 1467913111
Inserted: 1467915140
Inserted: 1467915612
Inserted: 1467916510
Inserted: 1467916700
Inserted: 1467916820
Inserted: 1467916851
Inserted: 1467917484
Inserted: 1467917800
Inserted: 1467918560
Inserted: 1467918682
Inserted: 1467919055
Inserted: 1467919538
Inserted: 1467919762
Inserted: 1467923235
Inserted: 1467923370
Inserted: 1467924690
Inserted: 1467926444
Inserted: 1467926546
Inserted: 1467926632
Inserted: 1467927126
Inserted: 1467928037
Inserted: 1467929230
Inserted: 1467930017
Inserted: 1467930083
Inserted: 1467931070
Inserted: 1467931501
Inserted: 1467931736
Inserted: 1467932979
Inserted: 1467933048
Inserted: 1467933112
Inserted: 1467933494
Inserted: 1467933623
Inserted: 1467934481
Inserted: 1467935271
Inserted: 1467937038
Inserted: 1467937402
Inserted: 1467943007
Inserted: 1467944317
Inserted: 1467944552
Inserted: 1467945704
Inserted: 1467945787
Inserted: 1467946137
Inserted: 1467946559
Inserted: 1467946592
Inserted: 1467946749
Inserted: 1467946810
Inserted: 1467947005
Inserted: 1467948526
Inserted: 1467949047
Inserted: 1467949681
Inserted: 1467949746
Inserted: 1467949969
Inserted: 1467950588
Inserted: 1467950600
Inserted: 1467950975
Inserted: 1467951238
Inserted: 1467951422
Inserted: 1467951568
Inserted: 1467952123
Inserted: 1467953090
Inserted: 1467953738
Inserted: 1467954059
Inserted: 1467960196
Inserted: 1467960481
Inserted: 1467961044
Inserted: 1467961091
Inserted: 1467961106
Inserted: 1467962336
Inserted: 1467962671
Inserted: 1467963477
Inserted: 1467965065
Inserted: 1467965832
Inserted: 1467965994
Inserted: 1467966260
Inserted: 1467966560
Inserted: 1467966646
Inserted: 1467967089
Inserted: 1467967410
Inserted: 1467968140
Inserted: 1467968155
Inserted: 1467968584
Inserted: 1467968785
Inserted: 1467969172
Inserted: 1467969654
Inserted: 1467970550
Inserted: 1467972017
Inserted: 1467972750
Inserted: 1467972931
Inserted: 1467978564
Inserted: 1467979143
Inserted: 1467979676
Inserted: 1467980251
Inserted: 1467980262
Inserted: 1467980858
Inserted: 1467981326
Inserted: 1467981695
Inserted: 1467981897
Inserted: 1467982039
Inserted: 1467982607
Inserted: 1467982718
Inserted: 1467982795
Inserted: 1467983950
Inserted: 1467984364
Inserted: 1467984605
Inserted: 1467984655
Inserted: 1467985114
Inserted: 1467985153
Inserted: 1467985155
Inserted: 1467985259
Inserted: 1467986058
Inserted: 1467986061
Inserted: 1467986284
Inserted: 1467986374
Inserted: 1467986559
Inserted: 1467986889
Inserted: 1467987098
Inserted: 1467987712
Inserted: 1467988366
Inserted: 1467988612
Inserted: 1467989855
Inserted: 1467990115
Inserted: 1467992866
Inserted: 1467993509
Inserted: 1467994306
Inserted: 1467994316
Inserted: 1467994419
Inserted: 1467996096
Inserted: 1467997236
Inserted: 1467997817
Inserted: 1467998657
Inserted: 1467998954
Inserted: 1467998983
Inserted: 1467999423
Inserted: 1467999819
Inserted: 1468000208
Inserted: 1468000812
Inserted: 1468000880
Inserted: 1468000929
Inserted: 1468000948
Inserted: 1468001960
Inserted: 1468001978
Inserted: 1468002948
Inserted: 1468003025
Inserted: 1468003264
Inserted: 1468003327
Inserted: 1468004743
Inserted: 1468006137
Inserted: 1468006195
Inserted: 1468006505
Inserted: 1468007877
Inserted: 1468010250
Inserted: 1468011315
Inserted: 1468012912
Inserted: 1468013368
Inserted: 1468013773
Inserted: 1468013989
Inserted: 1468014152
Inserted: 1468015006
Inserted: 1468015014
Inserted: 1468015635
Inserted: 1468017259
Inserted: 1468018354
Inserted: 1468018399
Inserted: 1468018434
Inserted: 1468019453
Inserted: 1468019679
Inserted: 1468020819
Inserted: 1468021408
Inserted: 1468023488
Inserted: 1468023501
Inserted: 1468024248
Inserted: 1468031217
Inserted: 1468031438
Inserted: 1468031544
Inserted: 1468031616
Inserted: 1468031805
Inserted: 1468031882
Inserted: 1468032348
Inserted: 1468032456
Inserted: 1468032622
Inserted: 1468033194
Inserted: 1468033365
Inserted: 1468034035
Inserted: 1468034417
Inserted: 1468034673
Inserted: 1468034773
Inserted: 1468034808
Inserted: 1468035296
Inserted: 1468035396
Inserted: 1468035613
Inserted: 1468035969
Inserted: 1468036076
Inserted: 1468036478
Inserted: 1468036579
Inserted: 1468036770
Inserted: 1468037671
Inserted: 1468039375
Inserted: 1468039579
Inserted: 1468040012
Inserted: 1468040050
Inserted: 1468042132
Inserted: 1468042457
Inserted: 1468042464
Inserted: 1468043967
Inserted: 1468044622
Inserted: 1468045043
Inserted: 1468047066
Inserted: 1468049681
Inserted: 1468050051
Inserted: 1468050670
Inserted: 1468051061
Inserted: 1468051421
Inserted: 1468051911
Inserted: 1468052470
Inserted: 1468052623
Inserted: 1468053118
Inserted: 1468053198
Inserted: 1468053610
Inserted: 1468053611
Inserted: 1468054887
Inserted: 1468055262
Inserted: 1468055266
Inserted: 1468055472
Inserted: 1468055852
Inserted: 1468060375
Inserted: 1468060378
Inserted: 1468060722
Inserted: 1468060794
Inserted: 1468060954
Inserted: 1468062309
Inserted: 1468062543
Inserted: 1468063402
Inserted: 1468063614
Inserted: 1468064945
Inserted: 1468068208
Inserted: 1468068303
Inserted: 1468068726
Inserted: 1468068851
Inserted: 1468069696
Inserted: 1468069767
Inserted: 1468072335
Inserted: 1468072508
Inserted: 1468072756
Inserted: 1468075009
Inserted: 1468075470
Inserted: 1468076498
Inserted: 1468076745
Inserted: 1468078113
Inserted: 1468078738
Inserted: 1468079019
Inserted: 1468079128
Inserted: 1468080516
Inserted: 1468080677
Inserted: 1468082561
Inserted: 1468082840
Inserted: 1468083777
Inserted: 1468083884
Inserted: 1468084610
Inserted: 1468085048
Inserted: 1468085613
Inserted: 1468086949
Inserted: 1468086969
Inserted: 1468087207
Inserted: 1468088416
Inserted: 1468088569
Inserted: 1468093045
Inserted: 1468093291
Inserted: 1468093373
Inserted: 1468093726
Inserted: 1468094166
Inserted: 1468094312
Inserted: 1468096420
Inserted: 1468097160
Inserted: 1468097375
Inserted: 1468098122
Inserted: 1468098558
Inserted: 1468098952
Inserted: 1468099029
Inserted: 1468099902
Inserted: 1468100148
Inserted: 1468100486
Inserted: 1468100580
Inserted: 1468101128
Inserted: 1468101383
Inserted: 1468101407
Inserted: 1468101464
Inserted: 1468101740
Inserted: 1468102659
Inserted: 1468103009
Inserted: 1468103231
Inserted: 1468103554
Inserted: 1468103797
Inserted: 1468106399
Inserted: 1468106999
Inserted: 1468107473
Inserted: 1468107670
Inserted: 1468108121
Inserted: 1468108602
Inserted: 1468109005
Inserted: 1468111182
Inserted: 1468111706
Inserted: 1468111918
Inserted: 1468112300
Inserted: 1468112301
Inserted: 1468112410
Inserted: 1468112535
Inserted: 1468112539
Inserted: 1468112932
Inserted: 1468113349
Inserted: 1468113885
Inserted: 1468113945
Inserted: 1468113975
Inserted: 1468114448
Inserted: 1468115720
Inserted: 1467810917
Inserted: 1467811592
Inserted: 1467811795
Inserted: 1467812025
Inserted: 1467812579
Inserted: 1467812784
Inserted: 1467812799
Inserted: 1467813782
Inserted: 1467815923
Inserted: 1467815988
Inserted: 1467817225
Inserted: 1467817502
Inserted: 1467819650
Inserted: 1467820835
Inserted: 1467821455
Inserted: 1467822519
Inserted: 1467822687
Inserted: 1467823851
Inserted: 1467824199
Inserted: 1467824664
Inserted: 1467825863
Inserted: 1467825883
Inserted: 1467834053
Inserted: 1467834265
Inserted: 1467834400
Inserted: 1467834817
Inserted: 1467835198
Inserted: 1467835345
Inserted: 1467835577
Inserted: 1467836873
Inserted: 1467837579
Inserted: 1467837602
Inserted: 1467837888
Inserted: 1467838419
Inserted: 1467839477
Inserted: 1467839737
Inserted: 1467839816
Inserted: 1467840552
Inserted: 1467840629
Inserted: 1467842377
Inserted: 1467842448
Inserted: 1467842568
Inserted: 1467843568
Inserted: 1467845095
Inserted: 1467852031
Inserted: 1467852789
Inserted: 1467853135
Inserted: 1467854062
Inserted: 1467854917
Inserted: 1467856044
Inserted: 1467856352
Inserted: 1467856426
Inserted: 1467858627
Inserted: 1467858869
Inserted: 1467859066
Inserted: 1467859408
Inserted: 1467861571
Inserted: 1467862213
Inserted: 1467862355
Inserted: 1467862710
Inserted: 1467862806
Inserted: 1467863072
Inserted: 1467863415
Inserted: 1467863507
Inserted: 1467863508
Inserted: 1467870864
Inserted: 1467870866
Inserted: 1467871007
Inserted: 1467871040
Inserted: 1467871223
Inserted: 1467871917
Inserted: 1467872175
Inserted: 1467872355
Inserted: 1467873227
Inserted: 1467873467
Inserted: 1467873592
Inserted: 1467874569
Inserted: 1467875163
Inserted: 1467875208
Inserted: 1467875930
Inserted: 1467876133
Inserted: 1467877833
Inserted: 1467878057
Inserted: 1467878983
Inserted: 1467879328
Inserted: 1467880431
Inserted: 1467880442
Inserted: 1467880463
Inserted: 1467880692
Inserted: 1467881457
Inserted: 1467882902
Inserted: 1467888953
Inserted: 1467889231
Inserted: 1467890079
Inserted: 1467890222
Inserted: 1467891826
Inserted: 1467892075
Inserted: 1467892720
Inserted: 1467893258
Inserted: 1467893730
Inserted: 1467894593
Inserted: 1467894750
Inserted: 1467895048
Inserted: 1467895478
Inserted: 1467896463
Inserted: 1467896778
Inserted: 1467897316
Inserted: 1467899605
Inserted: 1467899707
Inserted: 1467900037
Inserted: 1467900244
Inserted: 1467900431
Inserted: 1467901135
Inserted: 1467901188
Inserted: 1467901839
Inserted: 1467905378
Inserted: 1467906496
Inserted: 1467910531
Inserted: 1467910689
Inserted: 1467910986
Inserted: 1467910995
Inserted: 1467911036
Inserted: 1467911302
Inserted: 1467911624
Inserted: 1467912994
Inserted: 1467913111
Inserted: 1467913608
Inserted: 1467914916
Inserted: 1467916695
Inserted: 1467916851
Inserted: 1467917718
Inserted: 1467917800
Inserted: 1467918015
Inserted: 1467918552
Inserted: 1467918682
Inserted: 1467919762
Inserted: 1467923445
Inserted: 1467924823
Inserted: 1467925327
Inserted: 1467925657
Inserted: 1467926546
Inserted: 1467927016
Inserted: 1467928490
Inserted: 1467928764
Inserted: 1467929248
Inserted: 1467929915
Inserted: 1467930017
Inserted: 1467931027
Inserted: 1467931070
Inserted: 1467931736
Inserted: 1467931839
Inserted: 1467932372
Inserted: 1467933048
Inserted: 1467933112
Inserted: 1467933685
Inserted: 1467934184
Inserted: 1467934481
Inserted: 1467935271
Inserted: 1467935345
Inserted: 1467937128
Inserted: 1467943007
Inserted: 1467943526
Inserted: 1467943966
Inserted: 1467944552
Inserted: 1467944581
Inserted: 1467944654
Inserted: 1467944871
Inserted: 1467945704
Inserted: 1467945787
Inserted: 1467946592
Inserted: 1467946749
Inserted: 1467946810
Inserted: 1467947713
Inserted: 1467947913
Inserted: 1467949746
Inserted: 1467950027
Inserted: 1467950588
Inserted: 1467950649
Inserted: 1467951035
Inserted: 1467951238
Inserted: 1467951568
Inserted: 1467951850
Inserted: 1467952069
Inserted: 1467952123
Inserted: 1467953090
Inserted: 1467953163
Inserted: 1467953367
Inserted: 1467953738
Inserted: 1467954070
Inserted: 1467960196
Inserted: 1467961044
Inserted: 1467961106
Inserted: 1467962938
Inserted: 1467964229
Inserted: 1467965832
Inserted: 1467966260
Inserted: 1467967410
Inserted: 1467968155
Inserted: 1467968402
Inserted: 1467969172
Inserted: 1467969551
Inserted: 1467971318
Inserted: 1467972493
Inserted: 1467978564
Inserted: 1467978846
Inserted: 1467979353
Inserted: 1467979782
Inserted: 1467979881
Inserted: 1467981007
Inserted: 1467981408
Inserted: 1467981468
Inserted: 1467981897
Inserted: 1467982039
Inserted: 1467982281
Inserted: 1467982606
Inserted: 1467982795
Inserted: 1467983247
Inserted: 1467983568
Inserted: 1467984364
Inserted: 1467984605
Inserted: 1467985155
Inserted: 1467985185
Inserted: 1467986058
Inserted: 1467986061
Inserted: 1467986157
Inserted: 1467986559
Inserted: 1467986976
Inserted: 1467987098
Inserted: 1467987619
Inserted: 1467987971
Inserted: 1467988366
Inserted: 1467988885
Inserted: 1467989188
Inserted: 1467989855
Inserted: 1467990115
Inserted: 1467990530
Inserted: 1467992207
Inserted: 1467992351
Inserted: 1467992696
Inserted: 1467992993
Inserted: 1467993866
Inserted: 1467994519
Inserted: 1467995217
Inserted: 1467995433
Inserted: 1467995759
Inserted: 1467996096
Inserted: 1467996852
Inserted: 1467997817
Inserted: 1467998601
Inserted: 1467998928
Inserted: 1467998954
Inserted: 1468000929
Inserted: 1468000948
Inserted: 1468001373
Inserted: 1468003025
Inserted: 1468003324
Inserted: 1468004743
Inserted: 1468004846
Inserted: 1468005022
Inserted: 1468006195
Inserted: 1468006296
Inserted: 1468006681
Inserted: 1468006784
Inserted: 1468006962
Inserted: 1468007676
Inserted: 1468007877
Inserted: 1468010236
Inserted: 1468010250
Inserted: 1468010664
Inserted: 1468012103
Inserted: 1468012289
Inserted: 1468012486
Inserted: 1468012742
Inserted: 1468013308
Inserted: 1468013368
Inserted: 1468013866
Inserted: 1468015014
Inserted: 1468018610
Inserted: 1468019369
Inserted: 1468021321
Inserted: 1468022377
Inserted: 1468023488
Inserted: 1468031439
Inserted: 1468031544
Inserted: 1468032456
Inserted: 1468032862
Inserted: 1468032869
Inserted: 1468033903
Inserted: 1468034417
Inserted: 1468034646
Inserted: 1468034773
Inserted: 1468035396
Inserted: 1468035748
Inserted: 1468036076
Inserted: 1468036579
Inserted: 1468036890
Inserted: 1468042132
Inserted: 1468042240
Inserted: 1468043300
Inserted: 1468043967
Inserted: 1468043970
Inserted: 1468045613
Inserted: 1468045819
Inserted: 1468046904
Inserted: 1468048746
Inserted: 1468049681
Inserted: 1468049696
Inserted: 1468049719
Inserted: 1468050051
Inserted: 1468050631
Inserted: 1468050664
Inserted: 1468051061
Inserted: 1468051770
Inserted: 1468052063
Inserted: 1468052239
Inserted: 1468052470
Inserted: 1468052499
Inserted: 1468052908
Inserted: 1468053610
Inserted: 1468053804
Inserted: 1468054357
Inserted: 1468055262
Inserted: 1468055266
Inserted: 1468055472
Inserted: 1468056316
Inserted: 1468060378
Inserted: 1468060722
Inserted: 1468060794
Inserted: 1468060828
Inserted: 1468062543
Inserted: 1468062629
Inserted: 1468062724
Inserted: 1468063101
Inserted: 1468063614
Inserted: 1468064339
Inserted: 1468064699
Inserted: 1468064945
Inserted: 1468066623
Inserted: 1468066921
Inserted: 1468067049
Inserted: 1468067184
Inserted: 1468067570
Inserted: 1468067665
Inserted: 1468068726
Inserted: 1468068851
Inserted: 1468068919
Inserted: 1468069323
Inserted: 1468069696
Inserted: 1468069767
Inserted: 1468071691
Inserted: 1468072508
Inserted: 1468072530
Inserted: 1468072756
Inserted: 1468074296
Inserted: 1468074513
Inserted: 1468074597
Inserted: 1468074989
Inserted: 1468075009
Inserted: 1468075102
Inserted: 1468075470
Inserted: 1468075671
Inserted: 1468076724
Inserted: 1468077336
Inserted: 1468078010
Inserted: 1468078493
Inserted: 1468079128
Inserted: 1468079178
Inserted: 1468080677
Inserted: 1468082681
Inserted: 1468083507
Inserted: 1468084023
Inserted: 1468084610
Inserted: 1468087595
Inserted: 1468088569
Inserted: 1468093291
Inserted: 1468094825
Inserted: 1468095418
Inserted: 1468096121
Inserted: 1468096420
Inserted: 1468096934
Inserted: 1468096949
Inserted: 1468097160
Inserted: 1468097375
Inserted: 1468097430
Inserted: 1468098122
Inserted: 1468098952
Inserted: 1468098976
Inserted: 1468099958
Inserted: 1468100486
Inserted: 1468100557
Inserted: 1468100580
Inserted: 1468100599
Inserted: 1468100611
Inserted: 1468101243
Inserted: 1468101407
Inserted: 1468101464
Inserted: 1468101990
Inserted: 1468102669
Inserted: 1468102767
Inserted: 1468102926
Inserted: 1468103009
Inserted: 1468103231
Inserted: 1468106339
Inserted: 1468107473
Inserted: 1468109005
Inserted: 1468111080
Inserted: 1468111851
Inserted: 1468111918
Inserted: 1468111947
Inserted: 1468112300
Inserted: 1468112609
Inserted: 1468112790
Inserted: 1468113109
Inserted: 1468113945
Inserted: 1468113975
Inserted: 1468114155
Inserted: 1468114448
Inserted: 1468114530
Inserted: 1468115212
Inserted: 1468115497
Inserted: 1468116000
Inserted: 1468116007
Inserted: 1468117525
Inserted: 1468118110
Inserted: 1468118777
Inserted: 1468119931
Inserted: 1468120860
Inserted: 1468121052
Inserted: 1468122881
Inserted: 1468123320
Inserted: 1468123549
Inserted: 1468123951
Inserted: 1468124345
Inserted: 1468124826
Inserted: 1468125498
Inserted: 1468125995
Inserted: 1468126027
Inserted: 1468126077
Inserted: 1468126107
Inserted: 1468127300
Inserted: 1468129384
Inserted: 1468129540
Inserted: 1468129897
Inserted: 1468130066
Inserted: 1468130348
Inserted: 1468131051
Inserted: 1468131634
Inserted: 1468131926
Inserted: 1468132582
Inserted: 1468133228
Inserted: 1468133338
Inserted: 1468133607
Inserted: 1468134871
Inserted: 1468135711
Inserted: 1468136392
Inserted: 1468136700
Inserted: 1468137623
Inserted: 1468140337
Inserted: 1468140629
Inserted: 1468140704
Inserted: 1468141233
Inserted: 1468142146
Inserted: 1468142280
Inserted: 1468143236
Inserted: 1468144385
Inserted: 1468144808
Inserted: 1468145394
Inserted: 1468145999
Inserted: 1468146486
Inserted: 1468147058
Inserted: 1468147125
Inserted: 1468147690
Inserted: 1468152004
Inserted: 1468152929
Inserted: 1468153872
Inserted: 1468153928
Inserted: 1468154478
Inserted: 1468155770
Inserted: 1468155926
Inserted: 1468158672
Inserted: 1468158868
Inserted: 1468159152
Inserted: 1468159730
Inserted: 1468159899
Inserted: 1468160816
Inserted: 1468161008
Inserted: 1468161033
Inserted: 1468161883
Inserted: 1468162510
Inserted: 1468162917
Inserted: 1468162941
Inserted: 1468163061
Inserted: 1468163163
Inserted: 1468163207
Inserted: 1468167471
Inserted: 1468168034
Inserted: 1468168118
Inserted: 1468168719
Inserted: 1468169485
Inserted: 1468171878
Inserted: 1468172306
Inserted: 1468173375
Inserted: 1468173601
Inserted: 1468174134
Inserted: 1468174288
Inserted: 1468174531
Inserted: 1468175921
Inserted: 1468176314
Inserted: 1468176670
Inserted: 1468178302
Inserted: 1468180182
Inserted: 1468186487
Inserted: 1468187408
Inserted: 1468188669
Inserted: 1468189122
Inserted: 1468189190
Inserted: 1468189881
Inserted: 1468190451
Inserted: 1468190752
Inserted: 1468191169
Inserted: 1468191216
Inserted: 1468191242
Inserted: 1468191288
Inserted: 1468191906
Inserted: 1468192346
Inserted: 1468192521
Inserted: 1468192780
Inserted: 1468193048
Inserted: 1468193142
Inserted: 1468193149
Inserted: 1468194126
Inserted: 1468195621
Inserted: 1468195626
Inserted: 1468198376
Inserted: 1468199393
Inserted: 1468199745
Inserted: 1468201147
Inserted: 1468201319
Inserted: 1468202253
Inserted: 1468203079
Inserted: 1468204359
Inserted: 1468205246
Inserted: 1468205490
Inserted: 1468205749
Inserted: 1468205852
Inserted: 1468206067
Inserted: 1468206216
Inserted: 1468206341
Inserted: 1468206515
Inserted: 1468206562
Inserted: 1468206822
Inserted: 1468207611
Inserted: 1468208830
Inserted: 1468208947
Inserted: 1468210391
Inserted: 1468210695
Inserted: 1468210718
Inserted: 1468210976
Inserted: 1468212055
Inserted: 1468212076
Inserted: 1468212381
Inserted: 1468212970
Inserted: 1468214303
Inserted: 1468214335
Inserted: 1468214434
Inserted: 1468214967
Inserted: 1468215113
Inserted: 1468215627
Inserted: 1468216025
Inserted: 1468216266
Inserted: 1468217088
Inserted: 1468217673
Inserted: 1468219521
Inserted: 1468219688
Inserted: 1468220489
Inserted: 1468221061
Inserted: 1468221604
Inserted: 1468223944
Inserted: 1468224819
Inserted: 1468225259
Inserted: 1468225507
Inserted: 1468227280
Inserted: 1468227345
Inserted: 1468227755
Inserted: 1468228341
Inserted: 1468229091
Inserted: 1468230398
Inserted: 1468230992
Inserted: 1468231699
Inserted: 1468231833
Inserted: 1468233079
Inserted: 1468233211
Inserted: 1468233728
Inserted: 1468233834
Inserted: 1468234886
Inserted: 1468235599
Inserted: 1468236482
Inserted: 1468237728
Inserted: 1468238888
Inserted: 1468239644
Inserted: 1468242034
Inserted: 1468242172
Inserted: 1468242537
Inserted: 1468243138
Inserted: 1468243620
Inserted: 1468244522
Inserted: 1468244914
Inserted: 1468245086
Inserted: 1468245536
Inserted: 1468246478
Inserted: 1468246546
Inserted: 1468248430
Inserted: 1468248720
Inserted: 1468248753
Inserted: 1468249528
Inserted: 1468249545
Inserted: 1468249786
Inserted: 1468250707
Inserted: 1468251231
Inserted: 1468252189
Inserted: 1468252698
Inserted: 1468253642
Inserted: 1468254701
Inserted: 1468256218
Inserted: 1468258078
Inserted: 1468258852
Inserted: 1468258981
Inserted: 1468259216
Inserted: 1468259482
Inserted: 1468259684
Inserted: 1468259941
Inserted: 1468260247
Inserted: 1468260828
Inserted: 1468261386
Inserted: 1468261394
Inserted: 1468261518
Inserted: 1468261523
Inserted: 1468262100
Inserted: 1468263326
Inserted: 1468264062
Inserted: 1468265478
Inserted: 1468265897
Inserted: 1468266322
Inserted: 1468267024
Inserted: 1468267465
Inserted: 1468268236
Inserted: 1468268489
Inserted: 1468268537
Inserted: 1468268543
Inserted: 1468269002
Inserted: 1468270297
Inserted: 1468270447
Inserted: 1468273616
Inserted: 1468276122
Inserted: 1468276918
Inserted: 1468277616
Inserted: 1468278088
Inserted: 1468278150
Inserted: 1468278708
Inserted: 1468278742
Inserted: 1468278840
Inserted: 1468279358
Inserted: 1468279432
Inserted: 1468281170
Inserted: 1468281702
Inserted: 1468281949
Inserted: 1468281976
Inserted: 1468282327
Inserted: 1468282395
Inserted: 1468285721
Inserted: 1468286517
Inserted: 1468286830
Inserted: 1468287473
Inserted: 1468287881
Inserted: 1468288564
Inserted: 1468289520
Inserted: 1468289988
Inserted: 1468290839
Inserted: 1468290857
Inserted: 1468290988
Inserted: 1468291086
Inserted: 1468292226
Inserted: 1468292303
Inserted: 1468292740
Inserted: 1468292992
Inserted: 1468293310
Inserted: 1468293596
Inserted: 1468294384
Inserted: 1468294780
Inserted: 1468295011
Inserted: 1468295134
Inserted: 1468296233
Inserted: 1468298286
Inserted: 1468298918
Inserted: 1468299331
Inserted: 1468300652
Inserted: 1468303842
Inserted: 1468304373
Inserted: 1468304596
Inserted: 1468304785
Inserted: 1468305783
Inserted: 1468306256
Inserted: 1468306295
Inserted: 1468306873
Inserted: 1468307110
Inserted: 1468307584
Inserted: 1468308163
Inserted: 1468309382
Inserted: 1468309761
Inserted: 1468310350
Inserted: 1468313230
Inserted: 1468313503
Inserted: 1468314693
Inserted: 1468315010
Inserted: 1468316597
Inserted: 1468318249
Inserted: 1468318995
Inserted: 1468319310
Inserted: 1468319768
Inserted: 1468319895
Inserted: 1468320003
Inserted: 1468320355
Inserted: 1468321926
Inserted: 1468322109
Inserted: 1468322781
Inserted: 1468323001
Inserted: 1468323495
Inserted: 1468324687
Inserted: 1468325111
Inserted: 1468325243
Inserted: 1468328603
Inserted: 1468329919
Inserted: 1468329968
Inserted: 1468332689
Inserted: 1468333186
Inserted: 1468334728
Inserted: 1468334774
Inserted: 1468335001
Inserted: 1468335287
Inserted: 1468336063
Inserted: 1468336665
Inserted: 1468336855
Inserted: 1468338207
Inserted: 1468339296
Inserted: 1468339493
Inserted: 1468339525
Inserted: 1468339559
Inserted: 1468340127
Inserted: 1468340529
Inserted: 1468340749
Inserted: 1468341826
Inserted: 1468342381
Inserted: 1468342571
Inserted: 1468343304
Inserted: 1468343593
Inserted: 1468343959
Inserted: 1468344629
Inserted: 1468345812
Inserted: 1468346140
Inserted: 1468346377
Inserted: 1468348498
Inserted: 1468349204
Inserted: 1468350546
Inserted: 1468350806
Inserted: 1468350857
Inserted: 1468350938
Inserted: 1468351085
Inserted: 1468351682
Inserted: 1468352503
Inserted: 1468352863
Inserted: 1468353157
Inserted: 1468353164
Inserted: 1468353474
Inserted: 1468353484
Inserted: 1468355201
Inserted: 1468356017
Inserted: 1468356817
Inserted: 1468357534
Inserted: 1468359365
Inserted: 1468359439
Inserted: 1468359672
Inserted: 1468359850
Inserted: 1468360535
Inserted: 1468361778
Inserted: 1468361965
Inserted: 1468362717
Inserted: 1468362722
Inserted: 1468362843
Inserted: 1468363386
Inserted: 1468363625
Inserted: 1468363821
Inserted: 1468363927
Inserted: 1468365655
Inserted: 1468367150
Inserted: 1468367434
Inserted: 1468367522
Inserted: 1468370013
Inserted: 1468371126
Inserted: 1468371132
Inserted: 1468372469
Inserted: 1468372584
Inserted: 1468372832
Inserted: 1468373104
Inserted: 1468373347
Inserted: 1468374500
Inserted: 1468374893
Inserted: 1468377110
Inserted: 1468379327
Inserted: 1468379411
Inserted: 1468379489
Inserted: 1468379858
Inserted: 1468381253
Inserted: 1468382720
Inserted: 1468383588
Inserted: 1468384693
Inserted: 1468385024
Inserted: 1468385529
Inserted: 1468386019
Inserted: 1468387099
Inserted: 1468387107
Inserted: 1468387718
Inserted: 1468389907
Inserted: 1468391447
Inserted: 1468391638
Inserted: 1468391684
Inserted: 1468392374
Inserted: 1468392988
Inserted: 1468393336
Inserted: 1468394086
Inserted: 1468394297
Inserted: 1468395331
Inserted: 1468395488
Inserted: 1468395829
Inserted: 1468396100
Inserted: 1468396693
Inserted: 1468397054
Inserted: 1468397171
Inserted: 1468397594
Inserted: 1468398678
Inserted: 1468398887
Inserted: 1468399373
Inserted: 1468399454
Inserted: 1468400290
Inserted: 1468400520
Inserted: 1468400904
Inserted: 1468401268
Inserted: 1468402926
Inserted: 1468403336
Inserted: 1468403759
Inserted: 1468404818
Inserted: 1468405483
Inserted: 1468405800
Inserted: 1468405879
Inserted: 1468406459
Inserted: 1468407065
Inserted: 1468407242
Inserted: 1468407418
Inserted: 1468407707
Inserted: 1468407925
Inserted: 1468408457
Inserted: 1468408924
Inserted: 1468410658
Inserted: 1468411108
Inserted: 1468411208
Inserted: 1468411887
Inserted: 1468412281
Inserted: 1468412762
Inserted: 1468413211
Inserted: 1468413644
Inserted: 1468415064
Inserted: 1468416073
Inserted: 1468416283
Inserted: 1468416654
Inserted: 1468417218
Inserted: 1468418315
Inserted: 1468419270
Inserted: 1468419343
Inserted: 1468419731
Inserted: 1468421088
Inserted: 1468421576
Inserted: 1468422587
Inserted: 1468422703
Inserted: 1468422790
Inserted: 1468422938
Inserted: 1468423043
Inserted: 1468423539
Inserted: 1468424355
Inserted: 1468425033
Inserted: 1468426836
Inserted: 1468427478
Inserted: 1468427777
Inserted: 1468428345
Inserted: 1468428501
Inserted: 1468428510
Inserted: 1468429156
Inserted: 1468430390
Inserted: 1468430808
Inserted: 1468431215
Inserted: 1468431362
Inserted: 1468432138
Inserted: 1468432739
Inserted: 1468433983
Inserted: 1468434900
Inserted: 1468435637
Inserted: 1468439505
Inserted: 1468440198
Inserted: 1468440915
Inserted: 1468441985
Inserted: 1468442668
Inserted: 1468443249
Inserted: 1468443699
Inserted: 1468443972
Inserted: 1468444502
Inserted: 1468444781
Inserted: 1468445202
Inserted: 1468446153
Inserted: 1468447181
Inserted: 1468447712
Inserted: 1468448011
Inserted: 1468448423
Inserted: 1468448777
Inserted: 1468448920
Inserted: 1468449024
Inserted: 1468450265
Inserted: 1468450926
Inserted: 1468451944
Inserted: 1468452308
Inserted: 1468453632
Inserted: 1468453989
Inserted: 1468454068
Inserted: 1468454638
Inserted: 1468455611
Inserted: 1468456042
Inserted: 1468457384
Inserted: 1468457666
Inserted: 1468457960
Inserted: 1468458804
Inserted: 1468460651
Inserted: 1468461607
Inserted: 1468462323
Inserted: 1468463138
Inserted: 1468463601
Inserted: 1468463979
Inserted: 1468464385
Inserted: 1468465224
Inserted: 1468465787
Inserted: 1468467119
Inserted: 1468467397
Inserted: 1468467461
Inserted: 1468468216
Inserted: 1468468951
Inserted: 1468470028
Inserted: 1468470354
Inserted: 1468470368
Inserted: 1468471496
Inserted: 1468472273
Inserted: 1468472365
Inserted: 1468472571
Inserted: 1468472757
Inserted: 1468473998
Inserted: 1468474003
Inserted: 1468475327
Inserted: 1468476308
Inserted: 1468478971
Inserted: 1468479073
Inserted: 1468479164
Inserted: 1468479449
Inserted: 1468479697
Inserted: 1468480240
Inserted: 1468481157
Inserted: 1468481866
Inserted: 1468481907
Inserted: 1468482569
Inserted: 1468483396
Inserted: 1468484208
Inserted: 1468484256
Inserted: 1468484692
Inserted: 1468484722
Inserted: 1468484906
Inserted: 1468485154
Inserted: 1468486008
Inserted: 1468486396
Inserted: 1468487909
Inserted: 1468488056
Inserted: 1468488716
Inserted: 1468488796
Inserted: 1468488843
Inserted: 1468489452
Inserted: 1468489522
Inserted: 1468490045
Inserted: 1468490111
Inserted: 1468490260
Inserted: 1468490737
Inserted: 1468491443
Inserted: 1468491766
Inserted: 1468492354
Inserted: 1468492488
Inserted: 1468492563
Inserted: 1468492702
Inserted: 1468495292
Inserted: 1468496029
Inserted: 1468496510
Inserted: 1468496635
Inserted: 1468499537
Inserted: 1468500666
Inserted: 1468501650
Inserted: 1468502262
Inserted: 1468502648
Inserted: 1468502708
Inserted: 1468502726
Inserted: 1468502931
Inserted: 1468504014
Inserted: 1468504541
Inserted: 1468504935
Inserted: 1468505328
Inserted: 1468506213
Inserted: 1468506889
Inserted: 1468507632
Inserted: 1468508517
Inserted: 1468508523
Inserted: 1468508689
Inserted: 1468509471
Inserted: 1468510049
Inserted: 1468510181
Inserted: 1468510278
Inserted: 1468510883
Inserted: 1468511008
Inserted: 1468511185
Inserted: 1468511296
Inserted: 1468514434
Inserted: 1468515857
Inserted: 1468517358
Inserted: 1468517562
Inserted: 1468518042
Inserted: 1468518575
Inserted: 1468519231
Inserted: 1468519769
Inserted: 1468520064
Inserted: 1468520705
Inserted: 1468521189
Inserted: 1468522016
Inserted: 1468522070
Inserted: 1468525572
Inserted: 1468526991
Inserted: 1468529512
Inserted: 1468529694
Inserted: 1468530766
Inserted: 1468531418
Inserted: 1468532001
Inserted: 1468533351
Inserted: 1468536368
Inserted: 1468536585
Inserted: 1468539541
Inserted: 1468540503
Inserted: 1468540624
Inserted: 1468541056
Inserted: 1468541955
Inserted: 1468542034
Inserted: 1468543162
Inserted: 1468543555
Inserted: 1468543671
Inserted: 1468543963
Inserted: 1468544240
Inserted: 1468544449
Inserted: 1468545912
Inserted: 1468546456
Inserted: 1468546637
Inserted: 1468548587
Inserted: 1468548615
Inserted: 1468549633
Inserted: 1468550134
Inserted: 1468550790
Inserted: 1468551322
Inserted: 1468551456
Inserted: 1468551761
Inserted: 1468551775
Inserted: 1468552892
Inserted: 1468553164
Inserted: 1468553183
Inserted: 1468553645
Inserted: 1468554814
Inserted: 1468555920
Inserted: 1468558626
Inserted: 1468558868
Inserted: 1468560841
Inserted: 1468561183
Inserted: 1468561884
Inserted: 1468562671
Inserted: 1468563907
Inserted: 1468564279
Inserted: 1468564407
Inserted: 1468564855
Inserted: 1468565000
Inserted: 1468565098
Inserted: 1468565480
Inserted: 1468565566
Inserted: 1468565579
Inserted: 1468565652
Inserted: 1468566187
Inserted: 1468566786
Inserted: 1468566821
Inserted: 1468566823
Inserted: 1468566973
Inserted: 1468567161
Inserted: 1468567566
Inserted: 1468568623
Inserted: 1468569024
Inserted: 1468569320
Inserted: 1468569726
Inserted: 1468570008
Inserted: 1468570828
Inserted: 1468570860
Inserted: 1468570896
Inserted: 1468570995
Inserted: 1468571863
Inserted: 1468572912
Inserted: 1468573574
Inserted: 1468573879
Inserted: 1468574354
Inserted: 1468574812
Inserted: 1468575290
Inserted: 1468575292
Inserted: 1468575633
Inserted: 1468576197
Inserted: 1468578189
Inserted: 1468578809
Inserted: 1468579125
Inserted: 1468579507
Inserted: 1468580108
Inserted: 1468581148
Inserted: 1468582858
Inserted: 1468583130
Inserted: 1468583816
Inserted: 1468584621
Inserted: 1468585560
Inserted: 1468586841
Inserted: 1468587360
Inserted: 1468587896
Inserted: 1468587917
Inserted: 1468588836
Inserted: 1468590417
Inserted: 1468590446
Inserted: 1468590883
Inserted: 1468591226
Inserted: 1468591556
Inserted: 1468592501
Inserted: 1468593281
Inserted: 1468593660
Inserted: 1468594081
Inserted: 1468594652
Inserted: 1468595084
Inserted: 1468595095
Inserted: 1468595297
Inserted: 1468596693
Inserted: 1468596927
Inserted: 1468597269
Inserted: 1468601402
Inserted: 1468602936
Inserted: 1468602988
Inserted: 1468603408
Inserted: 1468604795
Inserted: 1468605370
Inserted: 1468606175
Inserted: 1468606710
Inserted: 1468606953
Inserted: 1468608610
Inserted: 1468609298
Inserted: 1468609303
Inserted: 1468609669
Inserted: 1468610527
Inserted: 1468610982
Inserted: 1468611228
Inserted: 1468614764
Inserted: 1468617783
Inserted: 1468617899
Inserted: 1468618309
Inserted: 1468618787
Inserted: 1468619422
Inserted: 1468619872
Inserted: 1468619985
Inserted: 1468621312
Inserted: 1468621613
Inserted: 1468621670
Inserted: 1468621706
Inserted: 1468622048
Inserted: 1468622089
Inserted: 1468622538
Inserted: 1468622718
Inserted: 1468622735
Inserted: 1468622896
Inserted: 1468623578
Inserted: 1468623792
Inserted: 1468623997
Inserted: 1468624722
Inserted: 1468625547
Inserted: 1468626778
Inserted: 1468626843
Inserted: 1468627571
Inserted: 1468627852
Inserted: 1468627911
Inserted: 1468629079
Inserted: 1468629131
Inserted: 1468630700
Inserted: 1468631241
Inserted: 1468631882
Inserted: 1468632096
Inserted: 1468633119
Inserted: 1468634153
Inserted: 1468635362
Inserted: 1468636282
Inserted: 1468639055
Inserted: 1468639310
Inserted: 1468639568
Inserted: 1468640813
Inserted: 1468641595
Inserted: 1468642742
Inserted: 1468644867
Inserted: 1468644924
Inserted: 1468645121
Inserted: 1468646685
Inserted: 1468647126
Inserted: 1468647995
Inserted: 1468649067
Inserted: 1468649284
Inserted: 1468649524
Inserted: 1468650456
Inserted: 1468651102
Inserted: 1468651252
Inserted: 1468651668
Inserted: 1468652261
Inserted: 1468654451
Inserted: 1468656042
Inserted: 1468657673
Inserted: 1468659365
Inserted: 1468659961
Inserted: 1468661110
Inserted: 1468662775
Inserted: 1468663535
Inserted: 1468663819
Inserted: 1468664147
Inserted: 1468664472
Inserted: 1468668405
Inserted: 1468668791
Inserted: 1468670376
Inserted: 1468670921
Inserted: 1468670992
Inserted: 1468671605
Inserted: 1468671683
Inserted: 1468673509
Inserted: 1468674354
Inserted: 1468674937
Inserted: 1468674970
Inserted: 1468675921
Inserted: 1468676262
Inserted: 1468676549
Inserted: 1468678699
Inserted: 1468680357
Inserted: 1468680562
Inserted: 1468682092
Inserted: 1468682264
Inserted: 1468683358
Inserted: 1468683587
Inserted: 1468683768
Inserted: 1468684413
Inserted: 1468684470
Inserted: 1468684623
Inserted: 1468685616
Inserted: 1468685785
Inserted: 1468686690
Inserted: 1468686705
Inserted: 1468686988
Inserted: 1468687248
Inserted: 1468687388
Inserted: 1468688728
Inserted: 1468688802
Inserted: 1468690477
Inserted: 1468690880
Inserted: 1468691434
Inserted: 1468691737
Inserted: 1468692330
Inserted: 1468694428
Inserted: 1468695202
Inserted: 1468695370
Inserted: 1468697268
Inserted: 1468697350
Inserted: 1467810369
Inserted: 1467810672
Inserted: 1467811594
Inserted: 1467812416
Inserted: 1467812579
Inserted: 1467812771
Inserted: 1467813137
Inserted: 1467813985
Inserted: 1467815199
Inserted: 1467815988
Inserted: 1467818481
Inserted: 1467818900
Inserted: 1467819712
Inserted: 1467820206
Inserted: 1467821338
Inserted: 1467821455
Inserted: 1467821715
Inserted: 1467822384
Inserted: 1467822389
Inserted: 1467824199
Inserted: 1467824967
Inserted: 1467825003
Inserted: 1467825642
Inserted: 1467825863
Inserted: 1467826052
Inserted: 1467833736
Inserted: 1467833799
Inserted: 1467834053
Inserted: 1467834265
Inserted: 1467834400
Inserted: 1467834817
Inserted: 1467835085
Inserted: 1467836111
Inserted: 1467836576
Inserted: 1467836859
Inserted: 1467837602
Inserted: 1467837762
Inserted: 1467838433
Inserted: 1467838630
Inserted: 1467839586
Inserted: 1467841189
Inserted: 1467841885
Inserted: 1467841897
Inserted: 1467842299
Inserted: 1467842377
Inserted: 1467843075
Inserted: 1467843568
Inserted: 1467843740
Inserted: 1467844097
Inserted: 1467844540
Inserted: 1467845095
Inserted: 1467852789
Inserted: 1467854062
Inserted: 1467855673
Inserted: 1467855812
Inserted: 1467856044
Inserted: 1467856632
Inserted: 1467856821
Inserted: 1467857297
Inserted: 1467857378
Inserted: 1467857511
Inserted: 1467858363
Inserted: 1467858627
Inserted: 1467859066
Inserted: 1467859558
Inserted: 1467859820
Inserted: 1467860144
Inserted: 1467860904
Inserted: 1467861522
Inserted: 1467861571
Inserted: 1467863415
Inserted: 1467863508
Inserted: 1467863633
Inserted: 1467870864
Inserted: 1467871007
Inserted: 1467871545
Inserted: 1467871552
Inserted: 1467871844
Inserted: 1467871917
Inserted: 1467871956
Inserted: 1467872309
Inserted: 1467872638
Inserted: 1467872759
Inserted: 1467873227
Inserted: 1467873592
Inserted: 1467874479
Inserted: 1467874569
Inserted: 1467874916
Inserted: 1467877496
Inserted: 1467878057
Inserted: 1467878633
Inserted: 1467878971
Inserted: 1467879314
Inserted: 1467879480
Inserted: 1467880085
Inserted: 1467881809
Inserted: 1467881920
Inserted: 1467882140
Inserted: 1467888679
Inserted: 1467888732
Inserted: 1467889231
Inserted: 1467889574
Inserted: 1467890079
Inserted: 1467890212
Inserted: 1467891826
Inserted: 1467892419
Inserted: 1467892515
Inserted: 1467892760
Inserted: 1467892889
Inserted: 1467893258
Inserted: 1467893730
Inserted: 1467894593
Inserted: 1467894898
Inserted: 1467895712
Inserted: 1467896463
Inserted: 1467896777
Inserted: 1467896778
Inserted: 1467898076
Inserted: 1467899451
Inserted: 1467899605
Inserted: 1467899707
Inserted: 1467899753
Inserted: 1467900037
Inserted: 1467901188
Inserted: 1467901437
Inserted: 1467901839
Inserted: 1467905125
Inserted: 1467906151
Inserted: 1467906345
Inserted: 1467906496
Inserted: 1467906723
Inserted: 1467907751
Inserted: 1467908798
Inserted: 1467908853
Inserted: 1467909124
Inserted: 1467909292
Inserted: 1467910689
Inserted: 1467910932
Inserted: 1467911846
Inserted: 1467913608
Inserted: 1467914434
Inserted: 1467914499
Inserted: 1467914916
Inserted: 1467915670
Inserted: 1467916595
Inserted: 1467916959
Inserted: 1467918552
Inserted: 1467918728
Inserted: 1467922983
Inserted: 1467923247
Inserted: 1467923445
Inserted: 1467924823
Inserted: 1467926153
Inserted: 1467927016
Inserted: 1467928300
Inserted: 1467928490
Inserted: 1467928676
Inserted: 1467928749
Inserted: 1467928764
Inserted: 1467929601
Inserted: 1467929809
Inserted: 1467929915
Inserted: 1467930157
Inserted: 1467930220
Inserted: 1467930341
Inserted: 1467930699
Inserted: 1467931839
Inserted: 1467931983
Inserted: 1467932208
Inserted: 1467932372
Inserted: 1467932549
Inserted: 1467933102
Inserted: 1467933685
Inserted: 1467934004
Inserted: 1467935189
Inserted: 1467935345
Inserted: 1467936541
Inserted: 1467937393
Inserted: 1467942658
Inserted: 1467943375
Inserted: 1467943851
Inserted: 1467944261
Inserted: 1467944871
Inserted: 1467945151
Inserted: 1467945476
Inserted: 1467946026
Inserted: 1467947104
Inserted: 1467947557
Inserted: 1467947713
Inserted: 1467948434
Inserted: 1467948979
Inserted: 1467949516
Inserted: 1467950217
Inserted: 1467950510
Inserted: 1467950649
Inserted: 1467950866
Inserted: 1467951016
Inserted: 1467951252
Inserted: 1467951931
Inserted: 1467952985
Inserted: 1467953163
Inserted: 1467953277
Inserted: 1467953367
Inserted: 1467953733
Inserted: 1467959908
Inserted: 1467960066
Inserted: 1467960735
Inserted: 1467960840
Inserted: 1467961146
Inserted: 1467961817
Inserted: 1467962502
Inserted: 1467962634
Inserted: 1467962938
Inserted: 1467963418
Inserted: 1467963715
Inserted: 1467964211
Inserted: 1467964229
Inserted: 1467965873
Inserted: 1467965949
Inserted: 1467968402
Inserted: 1467968722
Inserted: 1467969001
Inserted: 1467969551
Inserted: 1467970917
Inserted: 1467978846
Inserted: 1467979291
Inserted: 1467979353
Inserted: 1467979881
Inserted: 1467981027
Inserted: 1467981468
Inserted: 1467982281
Inserted: 1467982442
Inserted: 1467983745
Inserted: 1467985031
Inserted: 1467985185
Inserted: 1467986157
Inserted: 1467986323
Inserted: 1467988885
Inserted: 1467990374
Inserted: 1467990530
Inserted: 1467992251
Inserted: 1467992351
Inserted: 1467992993
Inserted: 1467993866
Inserted: 1467995216
Inserted: 1467995217
Inserted: 1467995759
Inserted: 1467996032
Inserted: 1467998037
Inserted: 1467998362
Inserted: 1467998485
Inserted: 1467998601
Inserted: 1467998795
Inserted: 1467999887
Inserted: 1468000014
Inserted: 1468000743
Inserted: 1468000996
Inserted: 1468001373
Inserted: 1468003631
Inserted: 1468005022
Inserted: 1468006591
Inserted: 1468006748
Inserted: 1468006962
Inserted: 1468007450
Inserted: 1468007676
Inserted: 1468010183
Inserted: 1468010236
Inserted: 1468010664
Inserted: 1468012103
Inserted: 1468012486
Inserted: 1468012742
Inserted: 1468012988
Inserted: 1468013308
Inserted: 1468014191
Inserted: 1468014571
Inserted: 1468014803
Inserted: 1468019183
Inserted: 1468019369
Inserted: 1468020340
Inserted: 1468021282
Inserted: 1468021699
Inserted: 1468023022
Inserted: 1468023365
Inserted: 1468024469
Inserted: 1468024495
Inserted: 1468030831
Inserted: 1468031800
Inserted: 1468032869
Inserted: 1468033025
Inserted: 1468033152
Inserted: 1468033322
Inserted: 1468033903
Inserted: 1468033983
Inserted: 1468035417
Inserted: 1468035748
Inserted: 1468036890
Inserted: 1468037803
Inserted: 1468037989
Inserted: 1468038099
Inserted: 1468038289
Inserted: 1468038583
Inserted: 1468039428
Inserted: 1468039686
Inserted: 1468041919
Inserted: 1468042240
Inserted: 1468043104
Inserted: 1468043598
Inserted: 1468044821
Inserted: 1468045613
Inserted: 1468045819
Inserted: 1468046392
Inserted: 1468049719
Inserted: 1468050664
Inserted: 1468051256
Inserted: 1468051743
Inserted: 1468051770
Inserted: 1468052484
Inserted: 1468052499
Inserted: 1468053804
Inserted: 1468054357
Inserted: 1468055249
Inserted: 1468055791
Inserted: 1468060774
Inserted: 1468060828
Inserted: 1468061127
Inserted: 1468062629
Inserted: 1468062743
Inserted: 1468063101
Inserted: 1468063318
Inserted: 1468063768
Inserted: 1468064305
Inserted: 1468064339
Inserted: 1468065053
Inserted: 1468065187
Inserted: 1468066702
Inserted: 1468067184
Inserted: 1468067570
Inserted: 1468068550
Inserted: 1468068919
Inserted: 1468070082
Inserted: 1468070639
Inserted: 1468072489
Inserted: 1468072550
Inserted: 1468074989
Inserted: 1468075908
Inserted: 1468077666
Inserted: 1468078010
Inserted: 1468078493
Inserted: 1468079178
Inserted: 1468079864
Inserted: 1468080181
Inserted: 1468080415
Inserted: 1468081296
Inserted: 1468082050
Inserted: 1468083507
Inserted: 1468083579
Inserted: 1468087058
Inserted: 1468087596
Inserted: 1468088351
Inserted: 1468093249
Inserted: 1468093942
Inserted: 1468094825
Inserted: 1468095418
Inserted: 1468097006
Inserted: 1468097165
Inserted: 1468097181
Inserted: 1468097430
Inserted: 1468098356
Inserted: 1468098819
Inserted: 1468099958
Inserted: 1468100346
Inserted: 1468100519
Inserted: 1468100783
Inserted: 1468101990
Inserted: 1468102669
Inserted: 1468102926
Inserted: 1468103052
Inserted: 1468107293
Inserted: 1468107426
Inserted: 1468107957
Inserted: 1468107995
Inserted: 1468108049
Inserted: 1468108431
Inserted: 1468108670
Inserted: 1468108912
Inserted: 1468109330
Inserted: 1468111080
Inserted: 1468111851
Inserted: 1468112609
Inserted: 1468112790
Inserted: 1468114155
Inserted: 1468114608
Inserted: 1468114836
Inserted: 1468115272
Inserted: 1468115518
Inserted: 1468115818
Inserted: 1468116007
Inserted: 1468116474
Inserted: 1468117149
Inserted: 1468117261
Inserted: 1468118777
Inserted: 1468119931
Inserted: 1468120199
Inserted: 1468120614
Inserted: 1468120671
Inserted: 1468121052
Inserted: 1468121819
Inserted: 1468122881
Inserted: 1468123671
Inserted: 1468124345
Inserted: 1468125055
Inserted: 1468126027
Inserted: 1468126077
Inserted: 1468127034
Inserted: 1468127300
Inserted: 1468127615
Inserted: 1468127877
Inserted: 1468129384
Inserted: 1468129510
Inserted: 1468129540
Inserted: 1468129897
Inserted: 1468130276
Inserted: 1468130348
Inserted: 1468131051
Inserted: 1468131202
Inserted: 1468131477
Inserted: 1468115742
Inserted: 1468116000
Inserted: 1468116300
Inserted: 1468116503
Inserted: 1468117525
Inserted: 1468118110
Inserted: 1468122136
Inserted: 1468122865
Inserted: 1468122943
Inserted: 1468123320
Inserted: 1468123549
Inserted: 1468123951
Inserted: 1468123982
Inserted: 1468124898
Inserted: 1468124983
Inserted: 1468125498
Inserted: 1468125812
Inserted: 1468126107
Inserted: 1468126823
Inserted: 1468127961
Inserted: 1468128655
Inserted: 1468129509
Inserted: 1468129797
Inserted: 1468130215
Inserted: 1468131389
Inserted: 1468131634
Inserted: 1468131926
Inserted: 1468131943
Inserted: 1468132582
Inserted: 1468132941
Inserted: 1468133161
Inserted: 1468133228
Inserted: 1468133338
Inserted: 1468135281
Inserted: 1468135546
Inserted: 1468135579
Inserted: 1468136021
Inserted: 1468136634
Inserted: 1468136918
Inserted: 1468138167
Inserted: 1468138650
Inserted: 1468138795
Inserted: 1468139952
Inserted: 1468140161
Inserted: 1468141015
Inserted: 1468141233
Inserted: 1468141719
Inserted: 1468142116
Inserted: 1468142280
Inserted: 1468143969
Inserted: 1468144341
Inserted: 1468144385
Inserted: 1468145394
Inserted: 1468131748
Inserted: 1468131856
Inserted: 1468132270
Inserted: 1468132895
Inserted: 1468133099
Inserted: 1468133316
Inserted: 1468133469
Inserted: 1468133607
Inserted: 1468135920
Inserted: 1468136008
Inserted: 1468136206
Inserted: 1468136392
Inserted: 1468136700
Inserted: 1468137623
Inserted: 1468137829
Inserted: 1468137924
Inserted: 1468138347
Inserted: 1468138980
Inserted: 1468140629
Inserted: 1468140704
Inserted: 1468141439
Inserted: 1468141981
Inserted: 1468142146
Inserted: 1468143213
Inserted: 1468144273
Inserted: 1468144808
Inserted: 1468145470
Inserted: 1468145662
Inserted: 1468145999
Inserted: 1468146517
Inserted: 1468146872
Inserted: 1468147058
Inserted: 1468147125
Inserted: 1468147175
Inserted: 1468116482
Inserted: 1468117029
Inserted: 1468117349
Inserted: 1468117822
Inserted: 1468118017
Inserted: 1468119061
Inserted: 1468120850
Inserted: 1468120860
Inserted: 1468121466
Inserted: 1468121650
Inserted: 1468122378
Inserted: 1468123355
Inserted: 1468124277
Inserted: 1468124592
Inserted: 1468124826
Inserted: 1468125995
Inserted: 1468126872
Inserted: 1468130066
Inserted: 1468130270
Inserted: 1468130353
Inserted: 1468131371
Inserted: 1468132343
Inserted: 1468133212
Inserted: 1468133697
Inserted: 1468134871
Inserted: 1468135711
Inserted: 1468136489
Inserted: 1468137609
Inserted: 1468138990
Inserted: 1468140312
Inserted: 1468140337
Inserted: 1468140400
Inserted: 1468143236
Inserted: 1468144327
Inserted: 1468145022
Inserted: 1468145182
Inserted: 1468146327
Inserted: 1468147072
Inserted: 1468147206
Inserted: 1468146486
Inserted: 1468147540
Inserted: 1468147673
Inserted: 1468147690
Inserted: 1468148344
Inserted: 1468148422
Inserted: 1468148425
Inserted: 1468148595
Inserted: 1468148661
Inserted: 1468148717
Inserted: 1468150534
Inserted: 1468150715
Inserted: 1468150732
Inserted: 1468150747
Inserted: 1468152004
Inserted: 1468152662
Inserted: 1468152663
Inserted: 1468152929
Inserted: 1468153872
Inserted: 1468153928
Inserted: 1468154478
Inserted: 1468154604
Inserted: 1468154663
Inserted: 1468154764
Inserted: 1468155038
Inserted: 1468155619
Inserted: 1468155770
Inserted: 1468155863
Inserted: 1468155926
Inserted: 1468155968
Inserted: 1468156184
Inserted: 1468156285
Inserted: 1468156574
Inserted: 1468156896
Inserted: 1468157083
Inserted: 1468157370
Inserted: 1468157393
Inserted: 1468157671
Inserted: 1468157999
Inserted: 1468158218
Inserted: 1468158226
Inserted: 1468158230
Inserted: 1468158366
Inserted: 1468158414
Inserted: 1467810369
Inserted: 1468158624
Inserted: 1467810672
Inserted: 1468158672
Inserted: 1467810917
Inserted: 1468158868
Inserted: 1467811184
Inserted: 1468159152
Inserted: 1467811193
Inserted: 1468159446
Inserted: 1467811372
Inserted: 1468159730
Inserted: 1467811592
Inserted: 1468159766
Inserted: 1467811594
Inserted: 1468159899
Inserted: 1467811795
Inserted: 1468159996
Inserted: 1467812025
Inserted: 1468160042
Inserted: 1467812416
Inserted: 1468160178
Inserted: 1467812579
Inserted: 1468160209
Inserted: 1467812723
Inserted: 1468160345
Inserted: 1467812771
Inserted: 1468160655
Inserted: 1467812784
Inserted: 1468160816
Inserted: 1467812799
Inserted: 1468161008
Inserted: 1467812964
Inserted: 1468161033
Inserted: 1467813137
Inserted: 1468161080
Inserted: 1467813579
Inserted: 1468161209
Inserted: 1467813782
Inserted: 1468161262
Inserted: 1467813985
Inserted: 1468161290
Inserted: 1467813992
Inserted: 1468161883
Inserted: 1467814119
Inserted: 1468161937
Inserted: 1467814180
Inserted: 1468161997
Inserted: 1467814192
Inserted: 1468162073
Inserted: 1467814438
Inserted: 1468162160
Inserted: 1467814783
Inserted: 1468162510
Inserted: 1467814883
Inserted: 1468162917
Inserted: 1467815199
Inserted: 1468162941
Inserted: 1467815753
Inserted: 1468163061
Inserted: 1467815923
Inserted: 1468163163
Inserted: 1467815924
Inserted: 1468163207
Inserted: 1467815988
Inserted: 1468163233
Inserted: 1467816149
Inserted: 1468163309
Inserted: 1467816665
Inserted: 1468163318
Inserted: 1467816749
Inserted: 1468163470
Inserted: 1467817225
Inserted: 1468164088
Inserted: 1467817374
Inserted: 1468164104
Inserted: 1467817502
Inserted: 1468167146
Inserted: 1467818007
Inserted: 1468167349
Inserted: 1467818020
Inserted: 1468167471
Inserted: 1467818481
Inserted: 1468167571
Inserted: 1467818603
Inserted: 1468167936
Inserted: 1467818900
Inserted: 1468167941
Inserted: 1467819022
Inserted: 1468168034
Inserted: 1467819650
Inserted: 1468168118
Inserted: 1467819712
Inserted: 1468168653
Inserted: 1467819812
Inserted: 1468168719
Inserted: 1467820206
Inserted: 1468168723
Inserted: 1467820835
Inserted: 1468168741
Inserted: 1467820863
Inserted: 1468168806
Inserted: 1467820906
Inserted: 1468169023
Inserted: 1467821085
Inserted: 1468169485
Inserted: 1467821338
Inserted: 1468169695
Inserted: 1467821455
Inserted: 1468169708
Inserted: 1467821715
Inserted: 1468169781
Inserted: 1467822384
Inserted: 1468169853
Inserted: 1467822389
Inserted: 1468169995
Inserted: 1467822519
Inserted: 1468170137
Inserted: 1467822522
Inserted: 1468170306
Inserted: 1467822687
Inserted: 1468170349
Inserted: 1467822918
Inserted: 1468170440
Inserted: 1467823437
Inserted: 1468170529
Inserted: 1467823770
Inserted: 1468170604
Inserted: 1467823851
Inserted: 1468170829
Inserted: 1467824199
Inserted: 1468171681
Inserted: 1467824664
Inserted: 1468171809
Inserted: 1467824967
Inserted: 1468171865
Inserted: 1467825003
Inserted: 1468171878
Inserted: 1467825084
Inserted: 1468172306
Inserted: 1467825411
Inserted: 1468172770
Inserted: 1467825642
Inserted: 1468173029
Inserted: 1467825863
Inserted: 1468173373
Inserted: 1467825883
Inserted: 1468173375
Inserted: 1467826052
Inserted: 1468173601
Inserted: 1467833672
Inserted: 1468173832
Inserted: 1467833690
Inserted: 1468173987
Inserted: 1467833736
Inserted: 1468174134
Inserted: 1467833799
Inserted: 1468174264
Inserted: 1467834001
Inserted: 1468174288
Inserted: 1467834053
Inserted: 1468174290
Inserted: 1467834227
Inserted: 1468174365
Inserted: 1467834239
Inserted: 1468174531
Inserted: 1467834265
Inserted: 1468175029
Inserted: 1467834284
Inserted: 1468175593
Inserted: 1467834400
Inserted: 1468175921
Inserted: 1467834817
Inserted: 1468176314
Inserted: 1467835085
Inserted: 1468176369
Inserted: 1467835198
Inserted: 1468176438
Inserted: 1467835305
Inserted: 1468176489
Inserted: 1467835345
Inserted: 1468176670
Inserted: 1467835577
Inserted: 1468176686
Inserted: 1467835880
Inserted: 1468176965
Inserted: 1467836024
Inserted: 1468177065
Inserted: 1467836111
Inserted: 1468177167
Inserted: 1467836448
Inserted: 1468177303
Inserted: 1467836500
Inserted: 1468177568
Inserted: 1467836576
Inserted: 1468177620
Inserted: 1467836583
Inserted: 1468178302
Inserted: 1467836859
Inserted: 1468178802
Inserted: 1467836873
Inserted: 1468179307
Inserted: 1467837189
Inserted: 1468179579
Inserted: 1467837384
Inserted: 1468179690
Inserted: 1467837470
Inserted: 1468180182
Inserted: 1467837579
Inserted: 1468185887
Inserted: 1467837602
Inserted: 1468185939
Inserted: 1467837762
Inserted: 1468186487
Inserted: 1467837819
Inserted: 1468186665
Inserted: 1467837888
Inserted: 1468186965
Inserted: 1467838188
Inserted: 1468187353
Inserted: 1467838189
Inserted: 1468187408
Inserted: 1467838362
Inserted: 1468188091
Inserted: 1468188351
Inserted: 1467838419
Inserted: 1467838433
Inserted: 1468188554
Inserted: 1467838630
Inserted: 1468188669
Inserted: 1467839007
Inserted: 1468188897
Inserted: 1467839405
Inserted: 1468188961
Inserted: 1467839450
Inserted: 1468189072
Inserted: 1467839477
Inserted: 1468189122
Inserted: 1467839586
Inserted: 1468189190
Inserted: 1467839737
Inserted: 1468189191
Inserted: 1468189244
Inserted: 1467840016
Inserted: 1467839816
Inserted: 1468190029
Inserted: 1468189881
Inserted: 1467840386
Inserted: 1467840552
Inserted: 1468190143
Inserted: 1467840629
Inserted: 1468190160
Inserted: 1467841189
Inserted: 1468190451
Inserted: 1467841204
Inserted: 1468190752
Inserted: 1467841832
Inserted: 1468190761
Inserted: 1467841885
Inserted: 1468191119
Inserted: 1467841897
Inserted: 1468191166
Inserted: 1467841969
Inserted: 1468191169
Inserted: 1467842107
Inserted: 1468191216
Inserted: 1467842299
Inserted: 1468191242
Inserted: 1467842377
Inserted: 1468191288
Inserted: 1467842448
Inserted: 1468191716
Inserted: 1467842568
Inserted: 1468191810
Inserted: 1467842607
Inserted: 1468191837
Inserted: 1467842832
Inserted: 1468191849
Inserted: 1467842837
Inserted: 1468191906
Inserted: 1467843075
Inserted: 1468192096
Inserted: 1467843215
Inserted: 1468192346
Inserted: 1467843470
Inserted: 1468192390
Inserted: 1467843568
Inserted: 1468192499
Inserted: 1467843624
Inserted: 1468192521
Inserted: 1467843647
Inserted: 1468192673
Inserted: 1467843734
Inserted: 1468192697
Inserted: 1467843740
Inserted: 1468192755
Inserted: 1467844097
Inserted: 1468192771
Inserted: 1467844140
Inserted: 1468192780
Inserted: 1467844157
Inserted: 1468192862
Inserted: 1467844505
Inserted: 1468192971
Inserted: 1467844540
Inserted: 1468193048
Inserted: 1467844907
Inserted: 1468193142
Inserted: 1467845095
Inserted: 1468193149
Inserted: 1467845157
Inserted: 1468193375
Inserted: 1467852031
Inserted: 1468193469
Inserted: 1467852067
Inserted: 1468193629
Inserted: 1467852789
Inserted: 1468194126
Inserted: 1467853135
Inserted: 1468194562
Inserted: 1467853356
Inserted: 1468194680
Inserted: 1467853431
Inserted: 1468194775
Inserted: 1467853479
Inserted: 1468194966
Inserted: 1467854062
Inserted: 1468195008
Inserted: 1467854345
Inserted: 1468195190
Inserted: 1467854706
Inserted: 1468195269
Inserted: 1467854917
Inserted: 1468195501
Inserted: 1467855673
Inserted: 1468195621
Inserted: 1467855812
Inserted: 1468195626
Inserted: 1467855981
Inserted: 1468198376
Inserted: 1467856044
Inserted: 1468198676
Inserted: 1467856352
Inserted: 1468199133
Inserted: 1467856426
Inserted: 1468199393
Inserted: 1467856497
Inserted: 1468199745
Inserted: 1467856632
Inserted: 1468200563
Inserted: 1467856821
Inserted: 1468200671
Inserted: 1467856919
Inserted: 1468201138
Inserted: 1467857221
Inserted: 1468201147
Inserted: 1467857297
Inserted: 1468201319
Inserted: 1467857378
Inserted: 1468201440
Inserted: 1467857511
Inserted: 1468201547
Inserted: 1467857722
Inserted: 1468201902
Inserted: 1467857975
Inserted: 1468202009
Inserted: 1467858363
Inserted: 1468202253
Inserted: 1467858627
Inserted: 1468202315
Inserted: 1467858869
Inserted: 1468202565
Inserted: 1467859025
Inserted: 1468202969
Inserted: 1467859066
Inserted: 1468203079
Inserted: 1467859408
Inserted: 1468203199
Inserted: 1467859436
Inserted: 1468203427
Inserted: 1467859558
Inserted: 1468203454
Inserted: 1467859666
Inserted: 1468203516
Inserted: 1467859820
Inserted: 1468203908
Inserted: 1467859922
Inserted: 1468204359
Inserted: 1467860144
Inserted: 1468204520
Inserted: 1467860268
Inserted: 1468204943
Inserted: 1467860895
Inserted: 1468205246
Inserted: 1467860904
Inserted: 1468205332
Inserted: 1467861095
Inserted: 1468205464
Inserted: 1467861413
Inserted: 1468205490
Inserted: 1467861522
Inserted: 1468205749
Inserted: 1467861571
Inserted: 1468205852
Inserted: 1467862213
Inserted: 1468205916
Inserted: 1467862313
Inserted: 1468206067
Inserted: 1467862355
Inserted: 1468206216
Inserted: 1467862411
Inserted: 1468206330
Inserted: 1467862710
Inserted: 1468206341
Inserted: 1467862806
Inserted: 1468206353
Inserted: 1467863072
Inserted: 1468206515
Inserted: 1467863415
Inserted: 1468206560
Inserted: 1467863507
Inserted: 1468206562
Inserted: 1467863508
Inserted: 1468206751
Inserted: 1467863633
Inserted: 1468206805
Inserted: 1467863684
Inserted: 1468206822
Inserted: 1467863716
Inserted: 1468207090
Inserted: 1467864250
Inserted: 1468207293
Inserted: 1467870864
Inserted: 1468207611
Inserted: 1467870866
Inserted: 1468207891
Inserted: 1467871007
Inserted: 1468207984
Inserted: 1467871040
Inserted: 1468208830
Inserted: 1467871223
Inserted: 1468208947
Inserted: 1467871226
Inserted: 1468209066
Inserted: 1467871545
Inserted: 1468209131
Inserted: 1467871552
Inserted: 1468209206
Inserted: 1467871661
Inserted: 1468209388
Inserted: 1467871754
Inserted: 1468209640
Inserted: 1467871844
Inserted: 1468209946
Inserted: 1467871917
Inserted: 1468209990
Inserted: 1467871956
Inserted: 1468210175
Inserted: 1467872136
Inserted: 1468210391
Inserted: 1467872175
Inserted: 1468210446
Inserted: 1467872181
Inserted: 1468210470
Inserted: 1467872218
Inserted: 1468210695
Inserted: 1467872247
Inserted: 1468210718
Inserted: 1467872309
Inserted: 1468210813
Inserted: 1467872355
Inserted: 1468210976
Inserted: 1467872594
Inserted: 1468211151
Inserted: 1468211474
Inserted: 1467872759
Inserted: 1468212055
Inserted: 1467873980
Inserted: 1467874103
Inserted: 1468214303
Inserted: 1468211799
Inserted: 1467872940
Inserted: 1467873004
Inserted: 1467873227
Inserted: 1468212357
Inserted: 1467873467
Inserted: 1467873592
Inserted: 1468212382
Inserted: 1468213513
Inserted: 1467874479
Inserted: 1467874569
Inserted: 1467874916
Inserted: 1467875163
Inserted: 1468214335
Inserted: 1468214434
Inserted: 1467875208
Inserted: 1467875930
Inserted: 1468214967
Inserted: 1467876016
Inserted: 1468215113
Inserted: 1468215627
Inserted: 1467872638
Inserted: 1468212015
Inserted: 1468212076
Inserted: 1467873256
Inserted: 1468212381
Inserted: 1467873828
Inserted: 1468212970
Inserted: 1468213929
Inserted: 1468214179
Inserted: 1468214644
Inserted: 1467876133
Inserted: 1468215977
Inserted: 1468216087
Inserted: 1468216266
Inserted: 1468216479
Inserted: 1467878971
Inserted: 1468217088
Inserted: 1468215904
Inserted: 1467878557
Inserted: 1467878983
Inserted: 1468215862
Inserted: 1467876652
Inserted: 1467876711
Inserted: 1467876944
Inserted: 1467877496
Inserted: 1468216025
Inserted: 1468216134
Inserted: 1468216313
Inserted: 1468216327
Inserted: 1467877833
Inserted: 1467877865
Inserted: 1467878057
Inserted: 1467878633
Inserted: 1467878929
Inserted: 1468216565
Inserted: 1467879203
Inserted: 1468217419
Inserted: 1467879314
Inserted: 1468217493
Inserted: 1467879328
Inserted: 1468217673
Inserted: 1468217851
Inserted: 1467879480
Inserted: 1467879984
Inserted: 1468217987
Inserted: 1468218798
Inserted: 1467880431
Inserted: 1467880085
Inserted: 1468218859
Inserted: 1468219096
Inserted: 1467880442
Inserted: 1468219210
Inserted: 1467880463
Inserted: 1468219521
Inserted: 1467880692
Inserted: 1467881131
Inserted: 1468219688
Inserted: 1467881373
Inserted: 1468220489
Inserted: 1467881376
Inserted: 1468220615
Inserted: 1468220880
Inserted: 1467881457
Inserted: 1468221028
Inserted: 1467881474
Inserted: 1468221048
Inserted: 1467881686
Inserted: 1468221061
Inserted: 1467881809
Inserted: 1468221604
Inserted: 1467881897
Inserted: 1467881920
Inserted: 1468222195
Inserted: 1468223212
Inserted: 1467882140
Inserted: 1467882592
Inserted: 1468223318
Inserted: 1467882491
Inserted: 1468223262
Inserted: 1467888679
Inserted: 1468223525
Inserted: 1467882902
Inserted: 1468223633
Inserted: 1468223744
Inserted: 1467888732
Inserted: 1468223853
Inserted: 1467888953
Inserted: 1468223944
Inserted: 1468223982
Inserted: 1467889231
Inserted: 1468224250
Inserted: 1467889251
Inserted: 1468224344
Inserted: 1467889334
Inserted: 1468224414
Inserted: 1467889574
Inserted: 1468224726
Inserted: 1467889791
Inserted: 1468224819
Inserted: 1467889988
Inserted: 1468225259
Inserted: 1467890079
Inserted: 1468225507
Inserted: 1467890212
Inserted: 1468225756
Inserted: 1467890222
Inserted: 1468226377
Inserted: 1467890723
Inserted: 1468227280
Inserted: 1467891826
Inserted: 1468227345
Inserted: 1467891880
Inserted: 1468227353
Inserted: 1467892075
Inserted: 1468227480
Inserted: 1467892419
Inserted: 1468227525
Inserted: 1467892515
Inserted: 1468227755
Inserted: 1467892667
Inserted: 1468228123
Inserted: 1467892720
Inserted: 1468228341
Inserted: 1467892760
Inserted: 1468228393
Inserted: 1467892889
Inserted: 1468228463
Inserted: 1467892945
Inserted: 1468228566
Inserted: 1467893163
Inserted: 1468228737
Inserted: 1467893258
Inserted: 1468229091
Inserted: 1467893275
Inserted: 1468229312
Inserted: 1467893504
Inserted: 1468229320
Inserted: 1467893730
Inserted: 1468229395
Inserted: 1467894593
Inserted: 1468230398
Inserted: 1467894600
Inserted: 1468230686
Inserted: 1467894746
Inserted: 1468230992
Inserted: 1467894749
Inserted: 1468231113
Inserted: 1467894750
Inserted: 1468231183
Inserted: 1467894786
Inserted: 1468231699
Inserted: 1467894841
Inserted: 1468231833
Inserted: 1467894898
Inserted: 1468231861
Inserted: 1467895048
Inserted: 1468232528
Inserted: 1467895109
Inserted: 1468232824
Inserted: 1467895424
Inserted: 1468233030
Inserted: 1467895478
Inserted: 1468233079
Inserted: 1467895481
Inserted: 1468233211
Inserted: 1467895712
Inserted: 1468233728
Inserted: 1468233834
Inserted: 1467896211
Inserted: 1467896253
Inserted: 1468233946
Inserted: 1467896463
Inserted: 1468234195
Inserted: 1467896777
Inserted: 1468234282
Inserted: 1467896778
Inserted: 1468234554
Inserted: 1467896898
Inserted: 1468234886
Inserted: 1467896911
Inserted: 1468234997
Inserted: 1467896996
Inserted: 1468235052
Inserted: 1467897316
Inserted: 1468235194
Inserted: 1467897981
Inserted: 1468235599
Inserted: 1467898061
Inserted: 1468236482
Inserted: 1467898076
Inserted: 1468236870
Inserted: 1467898078
Inserted: 1468237660
Inserted: 1467898511
Inserted: 1468237661
Inserted: 1467898676
Inserted: 1468237728
Inserted: 1467899025
Inserted: 1468237946
Inserted: 1467899451
Inserted: 1468238111
Inserted: 1467899605
Inserted: 1468238233
Inserted: 1467899707
Inserted: 1468238456
Inserted: 1467899753
Inserted: 1468238577
Inserted: 1467900033
Inserted: 1468238888
Inserted: 1467900037
Inserted: 1468238893
Inserted: 1467900244
Inserted: 1468238925
Inserted: 1467900431
Inserted: 1468239419
Inserted: 1467900545
Inserted: 1468239618
Inserted: 1467900898
Inserted: 1468239644
Inserted: 1467901135
Inserted: 1468242034
Inserted: 1467901188
Inserted: 1468242172
Inserted: 1467901250
Inserted: 1468242514
Inserted: 1467901346
Inserted: 1468242537
Inserted: 1467901437
Inserted: 1468242583
Inserted: 1467901500
Inserted: 1468242870
Inserted: 1467901839
Inserted: 1468243138
Inserted: 1467904302
Inserted: 1468243314
Inserted: 1468243620
Inserted: 1467905125
Inserted: 1467905378
Inserted: 1468243845
Inserted: 1467905653
Inserted: 1468243864
Inserted: 1467906151
Inserted: 1468244131
Inserted: 1467906345
Inserted: 1468244230
Inserted: 1467906496
Inserted: 1468244282
Inserted: 1467906723
Inserted: 1468244522
Inserted: 1467907298
Inserted: 1468244575
Inserted: 1467907751
Inserted: 1468244784
Inserted: 1467907876
Inserted: 1468244914
Inserted: 1467908012
Inserted: 1468244952
Inserted: 1467908134
Inserted: 1468245061
Inserted: 1467908456
Inserted: 1468245086
Inserted: 1467908672
Inserted: 1468245323
Inserted: 1467908798
Inserted: 1468245379
Inserted: 1467908853
Inserted: 1468245393
Inserted: 1467909124
Inserted: 1468245536
Inserted: 1467909222
Inserted: 1468245799
Inserted: 1467909292
Inserted: 1468246231
Inserted: 1467910531
Inserted: 1468246294
Inserted: 1467910689
Inserted: 1468246478
Inserted: 1467910932
Inserted: 1468246546
Inserted: 1467910986
Inserted: 1468246942
Inserted: 1467910995
Inserted: 1468247068
Inserted: 1467911036
Inserted: 1468247128
Inserted: 1467911302
Inserted: 1468247294
Inserted: 1467911624
Inserted: 1468248430
Inserted: 1467911846
Inserted: 1468248484
Inserted: 1467912100
Inserted: 1468248720
Inserted: 1467912333
Inserted: 1468248753
Inserted: 1467912572
Inserted: 1468248779
Inserted: 1467912842
Inserted: 1468248952
Inserted: 1467912994
Inserted: 1468249528
Inserted: 1467913111
Inserted: 1468249545
Inserted: 1467913608
Inserted: 1468249654
Inserted: 1467914434
Inserted: 1468249786
Inserted: 1467914499
Inserted: 1468249787
Inserted: 1467914916
Inserted: 1468250688
Inserted: 1467915140
Inserted: 1468250707
Inserted: 1467915612
Inserted: 1468250864
Inserted: 1467915670
Inserted: 1468251200
Inserted: 1467916510
Inserted: 1468251231
Inserted: 1467916595
Inserted: 1468251325
Inserted: 1467916695
Inserted: 1468251370
Inserted: 1467916700
Inserted: 1468251831
Inserted: 1467916820
Inserted: 1468252147
Inserted: 1467916841
Inserted: 1468252166
Inserted: 1467916851
Inserted: 1468252189
Inserted: 1467916959
Inserted: 1468252418
Inserted: 1467917177
Inserted: 1468252457
Inserted: 1467917302
Inserted: 1468252698
Inserted: 1467917484
Inserted: 1468253473
Inserted: 1467917499
Inserted: 1468253551
Inserted: 1467917718
Inserted: 1468253642
Inserted: 1467917800
Inserted: 1468253653
Inserted: 1467918015
Inserted: 1468253943
Inserted: 1467918552
Inserted: 1468254471
Inserted: 1467918560
Inserted: 1468254538
Inserted: 1467918682
Inserted: 1468254689
Inserted: 1467918728
Inserted: 1468254701
Inserted: 1467918812
Inserted: 1468256066
Inserted: 1467918850
Inserted: 1468256218
Inserted: 1467919055
Inserted: 1468256420
Inserted: 1467919452
Inserted: 1468257337
Inserted: 1467919538
Inserted: 1468257431
Inserted: 1467919762
Inserted: 1468257623
Inserted: 1467919765
Inserted: 1468258078
Inserted: 1467922983
Inserted: 1468258114
Inserted: 1467923235
Inserted: 1468258171
Inserted: 1467923247
Inserted: 1468258405
Inserted: 1467923370
Inserted: 1468258852
Inserted: 1467923445
Inserted: 1468258981
Inserted: 1467923775
Inserted: 1468259216
Inserted: 1467924273
Inserted: 1468259368
Inserted: 1467924690
Inserted: 1468259453
Inserted: 1467924823
Inserted: 1468259482
Inserted: 1467925327
Inserted: 1468259534
Inserted: 1467925657
Inserted: 1468259628
Inserted: 1467926153
Inserted: 1468259684
Inserted: 1467926444
Inserted: 1468259939
Inserted: 1467926546
Inserted: 1468259941
Inserted: 1467926632
Inserted: 1468260247
Inserted: 1467927016
Inserted: 1468260438
Inserted: 1467927126
Inserted: 1468260586
Inserted: 1467927987
Inserted: 1468260638
Inserted: 1467928014
Inserted: 1468260645
Inserted: 1467928037
Inserted: 1468260740
Inserted: 1467928300
Inserted: 1468260773
Inserted: 1467928490
Inserted: 1468260828
Inserted: 1467928676
Inserted: 1468261290
Inserted: 1467928749
Inserted: 1468261386
Inserted: 1467928764
Inserted: 1468261394
Inserted: 1467929184
Inserted: 1468261518
Inserted: 1467929230
Inserted: 1468261523
Inserted: 1467929248
Inserted: 1468261947
Inserted: 1467929601
Inserted: 1468262100
Inserted: 1467929809
Inserted: 1468262344
Inserted: 1467929915
Inserted: 1468263159
Inserted: 1467930017
Inserted: 1468263326
Inserted: 1467930083
Inserted: 1468263722
Inserted: 1467930157
Inserted: 1468263731
Inserted: 1467930220
Inserted: 1468263832
Inserted: 1467930309
Inserted: 1468264062
Inserted: 1467930341
Inserted: 1468264308
Inserted: 1467930699
Inserted: 1468264497
Inserted: 1467931027
Inserted: 1468264581
Inserted: 1467931070
Inserted: 1468264761
Inserted: 1467931396
Inserted: 1468265478
Inserted: 1467931501
Inserted: 1468265726
Inserted: 1467931736
Inserted: 1468265897
Inserted: 1467931839
Inserted: 1468266322
Inserted: 1467931983
Inserted: 1468266415
Inserted: 1467932117
Inserted: 1468266948
Inserted: 1467932208
Inserted: 1468267411
Inserted: 1467932372
Inserted: 1468267024
Inserted: 1467932549
Inserted: 1468267465
Inserted: 1468267860
Inserted: 1467932979
Inserted: 1467933048
Inserted: 1468268236
Inserted: 1467933102
Inserted: 1468268275
Inserted: 1467933112
Inserted: 1468268489
Inserted: 1467933295
Inserted: 1468268530
Inserted: 1467933494
Inserted: 1468268537
Inserted: 1467933623
Inserted: 1468268543
Inserted: 1467933662
Inserted: 1468269002
Inserted: 1467933685
Inserted: 1468269348
Inserted: 1468270297
Inserted: 1467934004
Inserted: 1467934184
Inserted: 1468270447
Inserted: 1468270688
Inserted: 1467934481
Inserted: 1467934606
Inserted: 1467935121
Inserted: 1468270767
Inserted: 1468272656
Inserted: 1467935189
Inserted: 1467935271
Inserted: 1468273375
Inserted: 1467937038
Inserted: 1467937128
Inserted: 1468273700
Inserted: 1468271665
Inserted: 1468273157
Inserted: 1467935345
Inserted: 1467936541
Inserted: 1467936901
Inserted: 1468273239
Inserted: 1468275243
Inserted: 1468275443
Inserted: 1467936498
Inserted: 1468273616
Inserted: 1468275829
Inserted: 1467937189
Inserted: 1467937393
Inserted: 1467937402
Inserted: 1467943375
Inserted: 1467943526
Inserted: 1467943851
Inserted: 1467943966
Inserted: 1467944261
Inserted: 1468276968
Inserted: 1468277004
Inserted: 1467937250
Inserted: 1468276122
Inserted: 1468276136
Inserted: 1468276306
Inserted: 1468276331
Inserted: 1468276361
Inserted: 1468276475
Inserted: 1468276006
Inserted: 1467942658
Inserted: 1467943007
Inserted: 1468276541
Inserted: 1468276918
Inserted: 1467944317
Inserted: 1468277153
Inserted: 1467944552
Inserted: 1468277616
Inserted: 1467944581
Inserted: 1468277676
Inserted: 1467944654
Inserted: 1468277929
Inserted: 1467944871
Inserted: 1468278088
Inserted: 1467945151
Inserted: 1468278150
Inserted: 1467945476
Inserted: 1468278354
Inserted: 1467945704
Inserted: 1468278708
Inserted: 1467945787
Inserted: 1468278742
Inserted: 1467945885
Inserted: 1468278818
Inserted: 1468278840
Inserted: 1467946026
Inserted: 1467946137
Inserted: 1468278902
Inserted: 1467946559
Inserted: 1468279084
Inserted: 1467946592
Inserted: 1468279358
Inserted: 1467946749
Inserted: 1468279432
Inserted: 1467946810
Inserted: 1468279697
Inserted: 1467947005
Inserted: 1467947104
Inserted: 1468279721
Inserted: 1468279996
Inserted: 1467947557
Inserted: 1468280013
Inserted: 1467947713
Inserted: 1468280426
Inserted: 1467947913
Inserted: 1468280681
Inserted: 1467948169
Inserted: 1468280970
Inserted: 1467948434
Inserted: 1468281170
Inserted: 1467948521
Inserted: 1468281205
Inserted: 1467948526
Inserted: 1468281484
Inserted: 1468281702
Inserted: 1467948979
Inserted: 1467949047
Inserted: 1468281949
Inserted: 1467949516
Inserted: 1468281976
Inserted: 1467949681
Inserted: 1468281977
Inserted: 1467949746
Inserted: 1467949969
Inserted: 1468282395
Inserted: 1468282327
Inserted: 1467950027
Inserted: 1468283102
Inserted: 1467950029
Inserted: 1468283125
Inserted: 1467950217
Inserted: 1468283175
Inserted: 1467950510
Inserted: 1468283238
Inserted: 1467950588
Inserted: 1468285715
Inserted: 1467950600
Inserted: 1468285721
Inserted: 1467950649
Inserted: 1468286113
Inserted: 1467950687
Inserted: 1468286242
Inserted: 1467950866
Inserted: 1468286517
Inserted: 1467950975
Inserted: 1468286830
Inserted: 1467951016
Inserted: 1468286882
Inserted: 1468286915
Inserted: 1467951035
Inserted: 1467951238
Inserted: 1468287128
Inserted: 1467951252
Inserted: 1468287130
Inserted: 1467951422
Inserted: 1468287156
Inserted: 1468287473
Inserted: 1467951568
Inserted: 1468287671
Inserted: 1467951850
Inserted: 1468287775
Inserted: 1467951931
Inserted: 1468287881
Inserted: 1467952069
Inserted: 1468288167
Inserted: 1467952100
Inserted: 1468288203
Inserted: 1467952123
Inserted: 1468288295
Inserted: 1467952699
Inserted: 1468288564
Inserted: 1467952985
Inserted: 1468288717
Inserted: 1467953090
Inserted: 1468289029
Inserted: 1467953163
Inserted: 1468289481
Inserted: 1467953277
Inserted: 1468289520
Inserted: 1467953367
Inserted: 1468289922
Inserted: 1467953500
Inserted: 1468289988
Inserted: 1467953681
Inserted: 1468290215
Inserted: 1467953733
Inserted: 1468290274
Inserted: 1467953738
Inserted: 1468290529
Inserted: 1467954059
Inserted: 1468290646
Inserted: 1467954070
Inserted: 1468290839
Inserted: 1467959908
Inserted: 1468290857
Inserted: 1467960066
Inserted: 1468290988
Inserted: 1467960196
Inserted: 1468291086
Inserted: 1467960388
Inserted: 1468291173
Inserted: 1467960481
Inserted: 1468291535
Inserted: 1467960735
Inserted: 1468291722
Inserted: 1467960840
Inserted: 1468291794
Inserted: 1467961044
Inserted: 1468292226
Inserted: 1467961091
Inserted: 1468292303
Inserted: 1467961106
Inserted: 1468292332
Inserted: 1467961146
Inserted: 1468292648
Inserted: 1467961817
Inserted: 1468292687
Inserted: 1467962336
Inserted: 1468292740
Inserted: 1467962502
Inserted: 1468292992
Inserted: 1467962634
Inserted: 1468293310
Inserted: 1467962671
Inserted: 1468293596
Inserted: 1467962897
Inserted: 1468293739
Inserted: 1467962938
Inserted: 1468294106
Inserted: 1467963418
Inserted: 1468294384
Inserted: 1467963477
Inserted: 1468294499
Inserted: 1467963715
Inserted: 1468294780
Inserted: 1467963880
Inserted: 1468295011
Inserted: 1467964211
Inserted: 1468295045
Inserted: 1467964229
Inserted: 1468295118
Inserted: 1467965065
Inserted: 1468295134
Inserted: 1467965832
Inserted: 1468295166
Inserted: 1467965873
Inserted: 1468295776
Inserted: 1467965949
Inserted: 1468295930
Inserted: 1468296233
Inserted: 1467965994
Inserted: 1468296363
Inserted: 1467966187
Inserted: 1467966260
Inserted: 1468296547
Inserted: 1467966271
Inserted: 1468296603
Inserted: 1467966560
Inserted: 1468296694
Inserted: 1467966646
Inserted: 1468297110
Inserted: 1467967089
Inserted: 1468297577
Inserted: 1467967410
Inserted: 1468297766
Inserted: 1468297944
Inserted: 1467967432
Inserted: 1467967862
Inserted: 1468298018
Inserted: 1467968140
Inserted: 1468298286
Inserted: 1467968155
Inserted: 1468298380
Inserted: 1467968402
Inserted: 1468298918
Inserted: 1467968584
Inserted: 1468298983
Inserted: 1467968722
Inserted: 1468299018
Inserted: 1467968741
Inserted: 1468299331
Inserted: 1467968785
Inserted: 1468299644
Inserted: 1467968979
Inserted: 1468300175
Inserted: 1467969001
Inserted: 1468300652
Inserted: 1467969172
Inserted: 1468301028
Inserted: 1467969478
Inserted: 1468301176
Inserted: 1467969551
Inserted: 1467969625
Inserted: 1467969654
Inserted: 1468301308
Inserted: 1468301479
Inserted: 1468301531
Inserted: 1467970550
Inserted: 1468301542
Inserted: 1467970648
Inserted: 1468301700
Inserted: 1467970783
Inserted: 1468302465
Inserted: 1467970917
Inserted: 1468303745
Inserted: 1467971318
Inserted: 1468303842
Inserted: 1467971407
Inserted: 1468304084
Inserted: 1467971977
Inserted: 1468304197
Inserted: 1467972017
Inserted: 1468304373
Inserted: 1467972262
Inserted: 1468304596
Inserted: 1467972493
Inserted: 1468304785
Inserted: 1467972750
Inserted: 1468304799
Inserted: 1467972931
Inserted: 1468304873
Inserted: 1467978564
Inserted: 1468304945
Inserted: 1468305031
Inserted: 1467978585
Inserted: 1467978803
Inserted: 1468305085
Inserted: 1467978846
Inserted: 1468305298
Inserted: 1467979094
Inserted: 1468305782
Inserted: 1467979143
Inserted: 1468305783
Inserted: 1467979291
Inserted: 1468305790
Inserted: 1467979353
Inserted: 1468306256
Inserted: 1467979479
Inserted: 1467979491
Inserted: 1468306295
Inserted: 1468306620
Inserted: 1467979676
Inserted: 1468306726
Inserted: 1467979782
Inserted: 1468306794
Inserted: 1467979881
Inserted: 1468306873
Inserted: 1467980053
Inserted: 1468306901
Inserted: 1467980251
Inserted: 1468307110
Inserted: 1467980262
Inserted: 1468307546
Inserted: 1467980679
Inserted: 1468307584
Inserted: 1467980858
Inserted: 1468308163
Inserted: 1467981007
Inserted: 1468308294
Inserted: 1467981027
Inserted: 1468309097
Inserted: 1467981326
Inserted: 1468309113
Inserted: 1467981408
Inserted: 1468309382
Inserted: 1467981468
Inserted: 1468309761
Inserted: 1467981584
Inserted: 1468310350
Inserted: 1467981695
Inserted: 1468310979
Inserted: 1467981897
Inserted: 1468311182
Inserted: 1468312591
Inserted: 1467982038
Inserted: 1467982039
Inserted: 1468312934
Inserted: 1467982077
Inserted: 1468313074
Inserted: 1467982235
Inserted: 1468313226
Inserted: 1467982281
Inserted: 1468313230
Inserted: 1467982442
Inserted: 1468313255
Inserted: 1467982606
Inserted: 1468313503
Inserted: 1467982607
Inserted: 1468313741
Inserted: 1467982718
Inserted: 1468313951
Inserted: 1467982795
Inserted: 1468314060
Inserted: 1467983247
Inserted: 1468314253
Inserted: 1468314615
Inserted: 1467983249
Inserted: 1468314693
Inserted: 1467983568
Inserted: 1468314843
Inserted: 1467983745
Inserted: 1468314947
Inserted: 1467983950
Inserted: 1468315010
Inserted: 1467984364
Inserted: 1468315165
Inserted: 1467984605
Inserted: 1468315899
Inserted: 1467984655
Inserted: 1468315952
Inserted: 1467985031
Inserted: 1468316454
Inserted: 1467985114
Inserted: 1468316495
Inserted: 1467985153
Inserted: 1468316547
Inserted: 1467985155
Inserted: 1468316597
Inserted: 1467985166
Inserted: 1468316655
Inserted: 1467985185
Inserted: 1468317166
Inserted: 1467985226
Inserted: 1468318009
Inserted: 1467985259
Inserted: 1468318249
Inserted: 1467985560
Inserted: 1468318282
Inserted: 1467986058
Inserted: 1468318960
Inserted: 1467986061
Inserted: 1468318995
Inserted: 1467986157
Inserted: 1468319163
Inserted: 1467986284
Inserted: 1468319310
Inserted: 1467986323
Inserted: 1468319768
Inserted: 1467986374
Inserted: 1468319784
Inserted: 1467986559
Inserted: 1468319805
Inserted: 1467986889
Inserted: 1468319895
Inserted: 1467986976
Inserted: 1468320003
Inserted: 1467987098
Inserted: 1468320257
Inserted: 1467987619
Inserted: 1468320352
Inserted: 1467987712
Inserted: 1468320355
Inserted: 1467987736
Inserted: 1468320485
Inserted: 1467987971
Inserted: 1468321090
Inserted: 1467988366
Inserted: 1468321382
Inserted: 1467988612
Inserted: 1468321926
Inserted: 1467988885
Inserted: 1468321932
Inserted: 1467989188
Inserted: 1468321965
Inserted: 1467989855
Inserted: 1468322073
Inserted: 1467990115
Inserted: 1468322109
Inserted: 1467990374
Inserted: 1468322124
Inserted: 1467990530
Inserted: 1468322438
Inserted: 1467990628
Inserted: 1468322471
Inserted: 1467992207
Inserted: 1468322781
Inserted: 1467992251
Inserted: 1468323001
Inserted: 1467992351
Inserted: 1468323068
Inserted: 1467992521
Inserted: 1468323072
Inserted: 1467992592
Inserted: 1468323119
Inserted: 1467992696
Inserted: 1468323495
Inserted: 1467992866
Inserted: 1468324066
Inserted: 1467992993
Inserted: 1468324465
Inserted: 1467993509
Inserted: 1468324485
Inserted: 1467993608
Inserted: 1468324530
Inserted: 1467993829
Inserted: 1468324670
Inserted: 1467993866
Inserted: 1468324687
Inserted: 1467994306
Inserted: 1468324862
Inserted: 1467994316
Inserted: 1468325111
Inserted: 1467994419
Inserted: 1468325243
Inserted: 1467994519
Inserted: 1468325296
Inserted: 1467995216
Inserted: 1468325361
Inserted: 1467995217
Inserted: 1468327818
Inserted: 1467995433
Inserted: 1468327876
Inserted: 1467995609
Inserted: 1468328133
Inserted: 1467995759
Inserted: 1468328328
Inserted: 1467996032
Inserted: 1468328399
Inserted: 1467996096
Inserted: 1468328603
Inserted: 1467996633
Inserted: 1468328945
Inserted: 1467996852
Inserted: 1468328980
Inserted: 1467997236
Inserted: 1468329221
Inserted: 1467997817
Inserted: 1468329339
Inserted: 1467998037
Inserted: 1468329533
Inserted: 1467998248
Inserted: 1468329919
Inserted: 1467998362
Inserted: 1468329968
Inserted: 1467998485
Inserted: 1468330836
Inserted: 1467998601
Inserted: 1468331305
Inserted: 1467998657
Inserted: 1468331411
Inserted: 1467998795
Inserted: 1468331598
Inserted: 1467998928
Inserted: 1468331831
Inserted: 1467998954
Inserted: 1468332203
Inserted: 1467998983
Inserted: 1468332244
Inserted: 1467999423
Inserted: 1468332689
Inserted: 1467999499
Inserted: 1468332867
Inserted: 1467999819
Inserted: 1468333186
Inserted: 1467999887
Inserted: 1468333249
Inserted: 1468000014
Inserted: 1468334430
Inserted: 1468000208
Inserted: 1468334462
Inserted: 1468000700
Inserted: 1468334712
Inserted: 1468000743
Inserted: 1468334728
Inserted: 1468000812
Inserted: 1468334774
Inserted: 1468000880
Inserted: 1468334921
Inserted: 1468000929
Inserted: 1468335001
Inserted: 1468000948
Inserted: 1468335209
Inserted: 1468000996
Inserted: 1468335287
Inserted: 1468001373
Inserted: 1468335557
Inserted: 1468001543
Inserted: 1468335636
Inserted: 1468001960
Inserted: 1468335650
Inserted: 1468001978
Inserted: 1468335659
Inserted: 1468002902
Inserted: 1468335664
Inserted: 1468002948
Inserted: 1468335742
Inserted: 1468003025
Inserted: 1468336063
Inserted: 1468003264
Inserted: 1468336160
Inserted: 1468003324
Inserted: 1468336219
Inserted: 1468003327
Inserted: 1468336500
Inserted: 1468003631
Inserted: 1468336588
Inserted: 1468004048
Inserted: 1468336665
Inserted: 1468004641
Inserted: 1468336855
Inserted: 1468004743
Inserted: 1468336885
Inserted: 1468004846
Inserted: 1468337010
Inserted: 1468005022
Inserted: 1468337079
Inserted: 1468005297
Inserted: 1468337667
Inserted: 1468006137
Inserted: 1468338165
Inserted: 1468006169
Inserted: 1468338207
Inserted: 1468006195
Inserted: 1468338403
Inserted: 1468006296
Inserted: 1468338614
Inserted: 1468006362
Inserted: 1468338634
Inserted: 1468006505
Inserted: 1468338688
Inserted: 1468006591
Inserted: 1468338733
Inserted: 1468006681
Inserted: 1468338877
Inserted: 1468006748
Inserted: 1468339111
Inserted: 1468006784
Inserted: 1468339206
Inserted: 1468006962
Inserted: 1468339214
Inserted: 1468007450
Inserted: 1468339296
Inserted: 1468007676
Inserted: 1468339324
Inserted: 1468007877
Inserted: 1468339331
Inserted: 1468010183
Inserted: 1468339378
Inserted: 1468010236
Inserted: 1468339411
Inserted: 1468010250
Inserted: 1468339451
Inserted: 1468010346
Inserted: 1468339493
Inserted: 1468010664
Inserted: 1468339525
Inserted: 1468011003
Inserted: 1468339559
Inserted: 1468011315
Inserted: 1468339988
Inserted: 1468012099
Inserted: 1468340012
Inserted: 1468012103
Inserted: 1468340127
Inserted: 1468012152
Inserted: 1468340128
Inserted: 1468012289
Inserted: 1468340529
Inserted: 1468012316
Inserted: 1468340562
Inserted: 1468012486
Inserted: 1468340749
Inserted: 1468012742
Inserted: 1468340955
Inserted: 1468012912
Inserted: 1468341826
Inserted: 1468012988
Inserted: 1468342381
Inserted: 1468013020
Inserted: 1468342571
Inserted: 1468013135
Inserted: 1468342595
Inserted: 1468013308
Inserted: 1468342622
Inserted: 1468013368
Inserted: 1468342685
Inserted: 1468013773
Inserted: 1468343256
Inserted: 1468013866
Inserted: 1468343304
Inserted: 1468013989
Inserted: 1468343337
Inserted: 1468014152
Inserted: 1468343476
Inserted: 1468014191
Inserted: 1468343551
Inserted: 1468014340
Inserted: 1468343593
Inserted: 1468014571
Inserted: 1468343959
Inserted: 1468014803
Inserted: 1468343971
Inserted: 1468015006
Inserted: 1468344395
Inserted: 1468015014
Inserted: 1468344442
Inserted: 1468015635
Inserted: 1468344629
Inserted: 1468017259
Inserted: 1468345048
Inserted: 1468018354
Inserted: 1468345562
Inserted: 1468018399
Inserted: 1468345812
Inserted: 1468018434
Inserted: 1468346140
Inserted: 1468018610
Inserted: 1468346243
Inserted: 1468019147
Inserted: 1468346377
Inserted: 1468019183
Inserted: 1468346666
Inserted: 1468019369
Inserted: 1468346994
Inserted: 1468019453
Inserted: 1468347669
Inserted: 1468019679
Inserted: 1468347721
Inserted: 1468020159
Inserted: 1468347770
Inserted: 1468020340
Inserted: 1468348498
Inserted: 1468020550
Inserted: 1468349204
Inserted: 1468020636
Inserted: 1468349438
Inserted: 1468020819
Inserted: 1468349627
Inserted: 1468020989
Inserted: 1468349840
Inserted: 1468021282
Inserted: 1468350411
Inserted: 1468021321
Inserted: 1468350546
Inserted: 1468021330
Inserted: 1468350585
Inserted: 1468021397
Inserted: 1468350806
Inserted: 1468021408
Inserted: 1468350829
Inserted: 1468021699
Inserted: 1468350857
Inserted: 1468022265
Inserted: 1468350938
Inserted: 1468022377
Inserted: 1468351085
Inserted: 1468022707
Inserted: 1468351264
Inserted: 1468022727
Inserted: 1468351322
Inserted: 1468023022
Inserted: 1468351490
Inserted: 1468023065
Inserted: 1468351682
Inserted: 1468023146
Inserted: 1468352163
Inserted: 1468023365
Inserted: 1468352233
Inserted: 1468023488
Inserted: 1468352313
Inserted: 1468023501
Inserted: 1468352503
Inserted: 1468023868
Inserted: 1468352859
Inserted: 1468024089
Inserted: 1468352863
Inserted: 1468024248
Inserted: 1468353157
Inserted: 1468024469
Inserted: 1468353159
Inserted: 1468024495
Inserted: 1468353164
Inserted: 1468030831
Inserted: 1468353433
Inserted: 1468031172
Inserted: 1468353474
Inserted: 1468031217
Inserted: 1468353484
Inserted: 1468031438
Inserted: 1468354465
Inserted: 1468031439
Inserted: 1468354903
Inserted: 1468031544
Inserted: 1468355201
Inserted: 1468031563
Inserted: 1468355232
Inserted: 1468031616
Inserted: 1468355233
Inserted: 1468031800
Inserted: 1468355474
Inserted: 1468031805
Inserted: 1468356017
Inserted: 1468031882
Inserted: 1468356363
Inserted: 1468032209
Inserted: 1468356673
Inserted: 1468032348
Inserted: 1468356817
Inserted: 1468032456
Inserted: 1468356896
Inserted: 1468032547
Inserted: 1468357020
Inserted: 1468032572
Inserted: 1468357300
Inserted: 1468032622
Inserted: 1468357465
Inserted: 1468357534
Inserted: 1468032862
Inserted: 1468357559
Inserted: 1468032869
Inserted: 1468357879
Inserted: 1468033025
Inserted: 1468357965
Inserted: 1468033122
Inserted: 1468358113
Inserted: 1468033152
Inserted: 1468359365
Inserted: 1468033194
Inserted: 1468359439
Inserted: 1468033322
Inserted: 1468359672
Inserted: 1468033365
Inserted: 1468359747
Inserted: 1468033516
Inserted: 1468359766
Inserted: 1468033903
Inserted: 1468359850
Inserted: 1468033983
Inserted: 1468360001
Inserted: 1468034035
Inserted: 1468360192
Inserted: 1468034417
Inserted: 1468360535
Inserted: 1468034467
Inserted: 1468361627
Inserted: 1468034646
Inserted: 1468361778
Inserted: 1468034673
Inserted: 1468361903
Inserted: 1468034773
Inserted: 1468361965
Inserted: 1468034808
Inserted: 1468362047
Inserted: 1468035296
Inserted: 1468362467
Inserted: 1468035396
Inserted: 1468362542
Inserted: 1468035417
Inserted: 1468362683
Inserted: 1468035468
Inserted: 1468362717
Inserted: 1468035613
Inserted: 1468362722
Inserted: 1468035748
Inserted: 1468362843
Inserted: 1468035840
Inserted: 1468363071
Inserted: 1468035969
Inserted: 1468363386
Inserted: 1468036076
Inserted: 1468363625
Inserted: 1468036478
Inserted: 1468363676
Inserted: 1468036579
Inserted: 1468363716
Inserted: 1468036634
Inserted: 1468363821
Inserted: 1468036770
Inserted: 1468363927
Inserted: 1468036890
Inserted: 1468364350
Inserted: 1468037361
Inserted: 1468365487
Inserted: 1468037612
Inserted: 1468365503
Inserted: 1468037671
Inserted: 1468365646
Inserted: 1468037803
Inserted: 1468365655
Inserted: 1468037939
Inserted: 1468366320
Inserted: 1468037989
Inserted: 1468366733
Inserted: 1468038045
Inserted: 1468367150
Inserted: 1468038099
Inserted: 1468367434
Inserted: 1468038289
Inserted: 1468367488
Inserted: 1468038583
Inserted: 1468367494
Inserted: 1468038893
Inserted: 1468367522
Inserted: 1468039375
Inserted: 1468367547
Inserted: 1468039428
Inserted: 1468369075
Inserted: 1468039579
Inserted: 1468369221
Inserted: 1468039686
Inserted: 1468369793
Inserted: 1468039856
Inserted: 1468369843
Inserted: 1468039895
Inserted: 1468370013
Inserted: 1468040012
Inserted: 1468370135
Inserted: 1468040050
Inserted: 1468371126
Inserted: 1468041919
Inserted: 1468371132
Inserted: 1468042132
Inserted: 1468371395
Inserted: 1468042240
Inserted: 1468371683
Inserted: 1468042457
Inserted: 1468371688
Inserted: 1468042464
Inserted: 1468371748
Inserted: 1468042752
Inserted: 1468371791
Inserted: 1468043104
Inserted: 1468372133
Inserted: 1468043300
Inserted: 1468372392
Inserted: 1468043306
Inserted: 1468372469
Inserted: 1468043598
Inserted: 1468372584
Inserted: 1468043785
Inserted: 1468372832
Inserted: 1468043967
Inserted: 1468372964
Inserted: 1468043970
Inserted: 1468373019
Inserted: 1468044622
Inserted: 1468373104
Inserted: 1468044821
Inserted: 1468373347
Inserted: 1468044846
Inserted: 1468373489
Inserted: 1468045043
Inserted: 1468374010
Inserted: 1468045201
Inserted: 1468374080
Inserted: 1468045539
Inserted: 1468374165
Inserted: 1468045613
Inserted: 1468374182
Inserted: 1468045819
Inserted: 1468374500
Inserted: 1468046392
Inserted: 1468374567
Inserted: 1468046904
Inserted: 1468374827
Inserted: 1468047066
Inserted: 1468374828
Inserted: 1468048178
Inserted: 1468374893
Inserted: 1468048746
Inserted: 1468375561
Inserted: 1468049681
Inserted: 1468375719
Inserted: 1468049696
Inserted: 1468375888
Inserted: 1468049719
Inserted: 1468376220
Inserted: 1468050051
Inserted: 1468376386
Inserted: 1468050631
Inserted: 1468376507
Inserted: 1468050664
Inserted: 1468376513
Inserted: 1468050670
Inserted: 1468377036
Inserted: 1468051061
Inserted: 1468377110
Inserted: 1468051150
Inserted: 1468377161
Inserted: 1468051256
Inserted: 1468377303
Inserted: 1468051421
Inserted: 1468377379
Inserted: 1468051743
Inserted: 1468377527
Inserted: 1468051770
Inserted: 1468377592
Inserted: 1468051911
Inserted: 1468377846
Inserted: 1468051981
Inserted: 1468377916
Inserted: 1468052063
Inserted: 1468378038
Inserted: 1468052239
Inserted: 1468378561
Inserted: 1468052359
Inserted: 1468378901
Inserted: 1468052470
Inserted: 1468379025
Inserted: 1468052484
Inserted: 1468379134
Inserted: 1468052499
Inserted: 1468379327
Inserted: 1468052623
Inserted: 1468379366
Inserted: 1468052908
Inserted: 1468379411
Inserted: 1468053118
Inserted: 1468379489
Inserted: 1468053198
Inserted: 1468379622
Inserted: 1468053610
Inserted: 1468379629
Inserted: 1468053611
Inserted: 1468379858
Inserted: 1468053804
Inserted: 1468380624
Inserted: 1468053869
Inserted: 1468380736
Inserted: 1468054357
Inserted: 1468380900
Inserted: 1468054887
Inserted: 1468380905
Inserted: 1468055249
Inserted: 1468381190
Inserted: 1468055262
Inserted: 1468381253
Inserted: 1468055266
Inserted: 1468381357
Inserted: 1468055472
Inserted: 1468382720
Inserted: 1468055604
Inserted: 1468382808
Inserted: 1468055791
Inserted: 1468382935
Inserted: 1468055852
Inserted: 1468382936
Inserted: 1468056316
Inserted: 1468383127
Inserted: 1468056420
Inserted: 1468383438
Inserted: 1468060375
Inserted: 1468383563
Inserted: 1468060378
Inserted: 1468383588
Inserted: 1468060722
Inserted: 1468383649
Inserted: 1468060774
Inserted: 1468383672
Inserted: 1468060794
Inserted: 1468383979
Inserted: 1468060798
Inserted: 1468384388
Inserted: 1468060828
Inserted: 1468384517
Inserted: 1468060954
Inserted: 1468384573
Inserted: 1468061127
Inserted: 1468384693
Inserted: 1468061448
Inserted: 1468385024
Inserted: 1468062021
Inserted: 1468385389
Inserted: 1468062288
Inserted: 1468385529
Inserted: 1468062309
Inserted: 1468385688
Inserted: 1468385727
Inserted: 1468062416
Inserted: 1468385738
Inserted: 1468062543
Inserted: 1468385804
Inserted: 1468062629
Inserted: 1468386019
Inserted: 1468062724
Inserted: 1468386634
Inserted: 1468062743
Inserted: 1468386803
Inserted: 1468063101
Inserted: 1468386843
Inserted: 1468063318
Inserted: 1468386931
Inserted: 1468063402
Inserted: 1468387031
Inserted: 1468063614
Inserted: 1468387095
Inserted: 1468063768
Inserted: 1468387098
Inserted: 1468063973
Inserted: 1468387099
Inserted: 1468064305
Inserted: 1468387107
Inserted: 1468064339
Inserted: 1468387236
Inserted: 1468064699
Inserted: 1468387244
Inserted: 1468064853
Inserted: 1468387251
Inserted: 1468064945
Inserted: 1468387357
Inserted: 1468065053
Inserted: 1468387458
Inserted: 1468065187
Inserted: 1468387462
Inserted: 1468066505
Inserted: 1468387702
Inserted: 1468066623
Inserted: 1468387718
Inserted: 1468066702
Inserted: 1468387739
Inserted: 1468066921
Inserted: 1468388154
Inserted: 1468067049
Inserted: 1468389736
Inserted: 1468067184
Inserted: 1468389907
Inserted: 1468067472
Inserted: 1468390269
Inserted: 1468067570
Inserted: 1468390678
Inserted: 1468067665
Inserted: 1468390752
Inserted: 1468068208
Inserted: 1468390757
Inserted: 1468068303
Inserted: 1468390805
Inserted: 1468068550
Inserted: 1468390818
Inserted: 1468068604
Inserted: 1468391027
Inserted: 1468068620
Inserted: 1468391172
Inserted: 1468068726
Inserted: 1468391182
Inserted: 1468068851
Inserted: 1468391317
Inserted: 1468068919
Inserted: 1468391447
Inserted: 1468069034
Inserted: 1468391638
Inserted: 1468069257
Inserted: 1468391684
Inserted: 1468069296
Inserted: 1468391942
Inserted: 1468069323
Inserted: 1468392015
Inserted: 1468069413
Inserted: 1468392100
Inserted: 1468069696
Inserted: 1468392374
Inserted: 1468069767
Inserted: 1468392589
Inserted: 1468070082
Inserted: 1468392988
Inserted: 1468070639
Inserted: 1468393336
Inserted: 1468071691
Inserted: 1468393526
Inserted: 1468072335
Inserted: 1468394086
Inserted: 1468072489
Inserted: 1468394297
Inserted: 1468072508
Inserted: 1468394508
Inserted: 1468072530
Inserted: 1468394737
Inserted: 1468072550
Inserted: 1468394780
Inserted: 1468072756
Inserted: 1468395075
Inserted: 1468074296
Inserted: 1468395211
Inserted: 1468074472
Inserted: 1468395331
Inserted: 1468074513
Inserted: 1468395488
Inserted: 1468074521
Inserted: 1468395561
Inserted: 1468074597
Inserted: 1468395582
Inserted: 1468074684
Inserted: 1468395703
Inserted: 1468074989
Inserted: 1468395829
Inserted: 1468074996
Inserted: 1468396100
Inserted: 1468075009
Inserted: 1468396339
Inserted: 1468075102
Inserted: 1468396478
Inserted: 1468075470
Inserted: 1468396693
Inserted: 1468075552
Inserted: 1468397037
Inserted: 1468075570
Inserted: 1468397054
Inserted: 1468075671
Inserted: 1468397087
Inserted: 1468075908
Inserted: 1468397171
Inserted: 1468076498
Inserted: 1468397193
Inserted: 1468076636
Inserted: 1468397594
Inserted: 1468076724
Inserted: 1468398313
Inserted: 1468076745
Inserted: 1468398513
Inserted: 1468076942
Inserted: 1468398678
Inserted: 1468077336
Inserted: 1468398887
Inserted: 1468077666
Inserted: 1468399171
Inserted: 1468077685
Inserted: 1468399373
Inserted: 1468077700
Inserted: 1468399454
Inserted: 1468078010
Inserted: 1468399506
Inserted: 1468078113
Inserted: 1468400241
Inserted: 1468078493
Inserted: 1468400290
Inserted: 1468078738
Inserted: 1468400441
Inserted: 1468078957
Inserted: 1468400520
Inserted: 1468079019
Inserted: 1468400904
Inserted: 1468079128
Inserted: 1468401268
Inserted: 1468079178
Inserted: 1468401346
Inserted: 1468079556
Inserted: 1468401416
Inserted: 1468079864
Inserted: 1468402174
Inserted: 1468080181
Inserted: 1468402867
Inserted: 1468080415
Inserted: 1468402926
Inserted: 1468080516
Inserted: 1468403336
Inserted: 1468080524
Inserted: 1468403421
Inserted: 1468080677
Inserted: 1468403517
Inserted: 1468081296
Inserted: 1468403707
Inserted: 1468082050
Inserted: 1468403759
Inserted: 1468082561
Inserted: 1468403861
Inserted: 1468082681
Inserted: 1468404284
Inserted: 1468082840
Inserted: 1468404818
Inserted: 1468083507
Inserted: 1468404837
Inserted: 1468083579
Inserted: 1468405483
Inserted: 1468083777
Inserted: 1468405527
Inserted: 1468083884
Inserted: 1468405613
Inserted: 1468084012
Inserted: 1468405683
Inserted: 1468084023
Inserted: 1468405800
Inserted: 1468084476
Inserted: 1468405879
Inserted: 1468084610
Inserted: 1468406459
Inserted: 1468084774
Inserted: 1468406890
Inserted: 1468085048
Inserted: 1468407065
Inserted: 1468085613
Inserted: 1468407242
Inserted: 1468086039
Inserted: 1468407370
Inserted: 1468086949
Inserted: 1468407418
Inserted: 1468086969
Inserted: 1468407595
Inserted: 1468087058
Inserted: 1468407652
Inserted: 1468087207
Inserted: 1468407707
Inserted: 1468087387
Inserted: 1468407925
Inserted: 1468087595
Inserted: 1468408276
Inserted: 1468087596
Inserted: 1468408457
Inserted: 1468087761
Inserted: 1468408566
Inserted: 1468088145
Inserted: 1468408924
Inserted: 1468088351
Inserted: 1468409094
Inserted: 1468088416
Inserted: 1468409096
Inserted: 1468088569
Inserted: 1468410086
Inserted: 1468093045
Inserted: 1468410636
Inserted: 1468093070
Inserted: 1468410658
Inserted: 1468093249
Inserted: 1468411108
Inserted: 1468093291
Inserted: 1468411208
Inserted: 1468093327
Inserted: 1468411728
Inserted: 1468093373
Inserted: 1468411887
Inserted: 1468093726
Inserted: 1468412147
Inserted: 1468093942
Inserted: 1468412281
Inserted: 1468094166
Inserted: 1468412691
Inserted: 1468094312
Inserted: 1468412762
Inserted: 1468094825
Inserted: 1468413211
Inserted: 1468095418
Inserted: 1468413433
Inserted: 1468096121
Inserted: 1468413596
Inserted: 1468096420
Inserted: 1468413640
Inserted: 1468096934
Inserted: 1468413644
Inserted: 1468096949
Inserted: 1468414042
Inserted: 1468096988
Inserted: 1468414345
Inserted: 1468097006
Inserted: 1468414733
Inserted: 1468097160
Inserted: 1468415002
Inserted: 1468097165
Inserted: 1468415054
Inserted: 1468097181
Inserted: 1468415064
Inserted: 1468097375
Inserted: 1468415328
Inserted: 1468097430
Inserted: 1468415366
Inserted: 1468097515
Inserted: 1468415586
Inserted: 1468098122
Inserted: 1468415592
Inserted: 1468098356
Inserted: 1468415745
Inserted: 1468098454
Inserted: 1468416073
Inserted: 1468098463
Inserted: 1468416283
Inserted: 1468098558
Inserted: 1468416322
Inserted: 1468098819
Inserted: 1468416654
Inserted: 1468098952
Inserted: 1468416942
Inserted: 1468098976
Inserted: 1468416968
Inserted: 1468099029
Inserted: 1468417008
Inserted: 1468099380
Inserted: 1468417099
Inserted: 1468099707
Inserted: 1468417218
Inserted: 1468099902
Inserted: 1468418315
Inserted: 1468099958
Inserted: 1468419131
Inserted: 1468100148
Inserted: 1468419270
Inserted: 1468100346
Inserted: 1468419343
Inserted: 1468100486
Inserted: 1468419360
Inserted: 1468100519
Inserted: 1468419413
Inserted: 1468100557
Inserted: 1468419515
Inserted: 1468100580
Inserted: 1468419545
Inserted: 1468100599
Inserted: 1468419731
Inserted: 1468100611
Inserted: 1468420020
Inserted: 1468100783
Inserted: 1468420555
Inserted: 1468101128
Inserted: 1468420776
Inserted: 1468101243
Inserted: 1468421088
Inserted: 1468101383
Inserted: 1468421206
Inserted: 1468101407
Inserted: 1468421302
Inserted: 1468101464
Inserted: 1468421576
Inserted: 1468101471
Inserted: 1468421860
Inserted: 1468101740
Inserted: 1468422135
Inserted: 1468101838
Inserted: 1468422466
Inserted: 1468101990
Inserted: 1468422587
Inserted: 1468102659
Inserted: 1468422703
Inserted: 1468102669
Inserted: 1468422790
Inserted: 1468102767
Inserted: 1468422938
Inserted: 1468102926
Inserted: 1468422966
Inserted: 1468103009
Inserted: 1468423043
Inserted: 1468423172
Inserted: 1468103052
Inserted: 1468423419
Inserted: 1468103231
Inserted: 1468423539
Inserted: 1468103554
Inserted: 1468423640
Inserted: 1468103797
Inserted: 1468423877
Inserted: 1468106339
Inserted: 1468423953
Inserted: 1468106399
Inserted: 1468424355
Inserted: 1468106999
Inserted: 1468424547
Inserted: 1468107136
Inserted: 1468424759
Inserted: 1468107193
Inserted: 1468424886
Inserted: 1468107293
Inserted: 1468425033
Inserted: 1468107426
Inserted: 1468425130
Inserted: 1468107473
Inserted: 1468425541
Inserted: 1468107670
Inserted: 1468425681
Inserted: 1468107957
Inserted: 1468426052
Inserted: 1468107995
Inserted: 1468426131
Inserted: 1468108049
Inserted: 1468426159
Inserted: 1468108121
Inserted: 1468426470
Inserted: 1468108431
Inserted: 1468426836
Inserted: 1468108602
Inserted: 1468427103
Inserted: 1468108670
Inserted: 1468427421
Inserted: 1468108857
Inserted: 1468427478
Inserted: 1468108912
Inserted: 1468427739
Inserted: 1468108999
Inserted: 1468427777
Inserted: 1468109005
Inserted: 1468428345
Inserted: 1468109330
Inserted: 1468428501
Inserted: 1468111080
Inserted: 1468428510
Inserted: 1468111153
Inserted: 1468428691
Inserted: 1468111182
Inserted: 1468429115
Inserted: 1468111706
Inserted: 1468429156
Inserted: 1468111851
Inserted: 1468429718
Inserted: 1468111918
Inserted: 1468429774
Inserted: 1468111947
Inserted: 1468430350
Inserted: 1468112300
Inserted: 1468430390
Inserted: 1468112301
Inserted: 1468430808
Inserted: 1468112410
Inserted: 1468431215
Inserted: 1468112535
Inserted: 1468431362
Inserted: 1468112539
Inserted: 1468431486
Inserted: 1468112609
Inserted: 1468431680
Inserted: 1468112790
Inserted: 1468431689
Inserted: 1468112836
Inserted: 1468431849
Inserted: 1468112932
Inserted: 1468432138
Inserted: 1468113039
Inserted: 1468432240
Inserted: 1468113109
Inserted: 1468432505
Inserted: 1468113349
Inserted: 1468432739
Inserted: 1468113544
Inserted: 1468433041
Inserted: 1468113885
Inserted: 1468433231
Inserted: 1468113940
Inserted: 1468433874
Inserted: 1468113945
Inserted: 1468433879
Inserted: 1468113975
Inserted: 1468433983
Inserted: 1468114155
Inserted: 1468434280
Inserted: 1468114193
Inserted: 1468434900
Inserted: 1468114448
Inserted: 1468434965
Inserted: 1468114530
Inserted: 1468435144
Inserted: 1468114608
Inserted: 1468435635
Inserted: 1468114836
Inserted: 1468435637
Inserted: 1468115212
Inserted: 1468435746
Inserted: 1468115272
Inserted: 1468439072
Inserted: 1468115497
Inserted: 1468439505
Inserted: 1468115518
Inserted: 1468439611
Inserted: 1468115720
Inserted: 1468115742
Inserted: 1468115818
Inserted: 1468116000
Inserted: 1468116007
Inserted: 1468116300
Inserted: 1468116474
Inserted: 1468116482
Inserted: 1468116503
Inserted: 1468117029
Inserted: 1468117149
Inserted: 1468117261
Inserted: 1468117349
Inserted: 1468117525
Inserted: 1468117822
Inserted: 1468118017
Inserted: 1468118110
Inserted: 1468118777
Inserted: 1468119061
Inserted: 1468119931
Inserted: 1468120199
Inserted: 1468120614
Inserted: 1468120671
Inserted: 1468120850
Inserted: 1468120860
Inserted: 1468121052
Inserted: 1468121466
Inserted: 1468121650
Inserted: 1468121819
Inserted: 1468122136
Inserted: 1468122378
Inserted: 1468122865
Inserted: 1468122881
Inserted: 1468122943
Inserted: 1468123320
Inserted: 1468123355
Inserted: 1468123549
Inserted: 1468123671
Inserted: 1468123951
Inserted: 1468123982
Inserted: 1468124277
Inserted: 1468124345
Inserted: 1468124592
Inserted: 1468124826
Inserted: 1468124898
Inserted: 1468124983
Inserted: 1468125055
Inserted: 1468125498
Inserted: 1468125812
Inserted: 1468125995
Inserted: 1468126027
Inserted: 1468126077
Inserted: 1468126107
Inserted: 1468126823
Inserted: 1468126872
Inserted: 1468127034
Inserted: 1468127300
Inserted: 1468127615
Inserted: 1468127877
Inserted: 1468127961
Inserted: 1468128655
Inserted: 1468129384
Inserted: 1468129509
Inserted: 1468129510
Inserted: 1468129540
Inserted: 1468129797
Inserted: 1468129897
Inserted: 1468130066
Inserted: 1468130215
Inserted: 1468130270
Inserted: 1468130276
Inserted: 1468130348
Inserted: 1468130353
Inserted: 1468131051
Inserted: 1468131202
Inserted: 1468131371
Inserted: 1468131389
Inserted: 1468131477
Inserted: 1468131634
Inserted: 1468131748
Inserted: 1468131856
Inserted: 1468131926
Inserted: 1468131943
Inserted: 1468132270
Inserted: 1468132343
Inserted: 1468132582
Inserted: 1468132895
Inserted: 1468132941
Inserted: 1468133099
Inserted: 1468133161
Inserted: 1468133212
Inserted: 1468133228
Inserted: 1468133316
Inserted: 1468133338
Inserted: 1468133469
Inserted: 1468133607
Inserted: 1468133697
Inserted: 1468134871
Inserted: 1468135281
Inserted: 1468135546
Inserted: 1468135579
Inserted: 1468135711
Inserted: 1468135920
Inserted: 1468136008
Inserted: 1468136021
Inserted: 1468136206
Inserted: 1468136392
Inserted: 1468136489
Inserted: 1468136634
Inserted: 1468136700
Inserted: 1468136918
Inserted: 1468137609
Inserted: 1468137623
Inserted: 1468137829
Inserted: 1468137924
Inserted: 1468138167
Inserted: 1468138347
Inserted: 1468138650
Inserted: 1468138795
Inserted: 1468138980
Inserted: 1468138990
Inserted: 1468139952
Inserted: 1468140161
Inserted: 1468140312
Inserted: 1468140337
Inserted: 1468140400
Inserted: 1468140629
Inserted: 1468140704
Inserted: 1468141015
Inserted: 1468141233
Inserted: 1468141439
Inserted: 1468141719
Inserted: 1468141981
Inserted: 1468142116
Inserted: 1468142146
Inserted: 1468142280
Inserted: 1468143213
Inserted: 1468143236
Inserted: 1468143969
Inserted: 1468144273
Inserted: 1468144327
Inserted: 1468144341
Inserted: 1468144385
Inserted: 1468144808
Inserted: 1468145022
Inserted: 1468145182
Inserted: 1468145394
Inserted: 1468145470
Inserted: 1468145662
Inserted: 1468145999
Inserted: 1468146327
Inserted: 1468146486
Inserted: 1468146517
Inserted: 1468146872
Inserted: 1468147058
Inserted: 1468147072
Inserted: 1468147125
Inserted: 1468147175
Inserted: 1468147206
Inserted: 1468147540
Inserted: 1468147673
Inserted: 1468147690
Inserted: 1468148344
Inserted: 1468148422
Inserted: 1468148425
Inserted: 1468148595
Inserted: 1468148661
Inserted: 1468148717
Inserted: 1468150534
Inserted: 1468150715
Inserted: 1468150732
Inserted: 1468150747
Inserted: 1468152004
Inserted: 1468152662
Inserted: 1468152663
Inserted: 1468152929
Inserted: 1468153872
Inserted: 1468153928
Inserted: 1468154478
Inserted: 1468154604
Inserted: 1468154663
Inserted: 1468154764
Inserted: 1468155038
Inserted: 1468155619
Inserted: 1468155770
Inserted: 1468155863
Inserted: 1468155926
Inserted: 1468155968
Inserted: 1468156184
Inserted: 1468156285
Inserted: 1468156574
Inserted: 1468156896
Inserted: 1468157083
Inserted: 1468157370
Inserted: 1468157393
Inserted: 1468157671
Inserted: 1468157999
Inserted: 1468158218
Inserted: 1468158226
Inserted: 1468158230
Inserted: 1468158366
Inserted: 1468158414
Inserted: 1468158624
Inserted: 1468158672
Inserted: 1468158868
Inserted: 1468159152
Inserted: 1468159446
Inserted: 1468159730
Inserted: 1468159766
Inserted: 1468159899
Inserted: 1468159996
Inserted: 1468160042
Inserted: 1468160178
Inserted: 1468160209
Inserted: 1468160345
Inserted: 1468160655
Inserted: 1468160816
Inserted: 1468161008
Inserted: 1468161033
Inserted: 1468161080
Inserted: 1468161209
Inserted: 1468161262
Inserted: 1468161290
Inserted: 1468161883
Inserted: 1468161937
Inserted: 1468161997
Inserted: 1468162073
Inserted: 1468162160
Inserted: 1468162510
Inserted: 1468162917
Inserted: 1468162941
Inserted: 1468163061
Inserted: 1468163163
Inserted: 1468163207
Inserted: 1468163233
Inserted: 1468163309
Inserted: 1468163318
Inserted: 1468163470
Inserted: 1468164088
Inserted: 1468164104
Inserted: 1468167146
Inserted: 1468167349
Inserted: 1468167471
Inserted: 1468167571
Inserted: 1468167936
Inserted: 1468167941
Inserted: 1468168034
Inserted: 1468168118
Inserted: 1468168653
Inserted: 1468168719
Inserted: 1468168723
Inserted: 1468168741
Inserted: 1468168806
Inserted: 1468169023
Inserted: 1468169485
Inserted: 1468169695
Inserted: 1468169708
Inserted: 1468169781
Inserted: 1468169853
Inserted: 1468169995
Inserted: 1468170137
Inserted: 1468170306
Inserted: 1468170349
Inserted: 1468170440
Inserted: 1468170529
Inserted: 1468170604
Inserted: 1468170829
Inserted: 1468171681
Inserted: 1468171809
Inserted: 1468171865
Inserted: 1468171878
Inserted: 1468172306
Inserted: 1468172770
Inserted: 1468173029
Inserted: 1468173373
Inserted: 1468173375
Inserted: 1468173601
Inserted: 1468173832
Inserted: 1468173987
Inserted: 1468174134
Inserted: 1468174264
Inserted: 1468174288
Inserted: 1468174290
Inserted: 1468174365
Inserted: 1468174531
Inserted: 1468175029
Inserted: 1468175593
Inserted: 1468175921
Inserted: 1468176314
Inserted: 1468176369
Inserted: 1468176438
Inserted: 1468176489
Inserted: 1468176670
Inserted: 1468176686
Inserted: 1468176965
Inserted: 1468177065
Inserted: 1468177167
Inserted: 1468177303
Inserted: 1468177568
Inserted: 1468177620
Inserted: 1468178302
Inserted: 1468178802
Inserted: 1468179307
Inserted: 1468179579
Inserted: 1468179690
Inserted: 1468180182
Inserted: 1468185887
Inserted: 1468185939
Inserted: 1468186487
Inserted: 1468186665
Inserted: 1468186965
Inserted: 1468187353
Inserted: 1468187408
Inserted: 1468188091
Inserted: 1468188351
Inserted: 1468188554
Inserted: 1468188669
Inserted: 1468188897
Inserted: 1468188961
Inserted: 1468189072
Inserted: 1468189122
Inserted: 1468189190
Inserted: 1468189191
Inserted: 1468189244
Inserted: 1468189881
Inserted: 1468190029
Inserted: 1468190143
Inserted: 1468190160
Inserted: 1468190451
Inserted: 1468190752
Inserted: 1468190761
Inserted: 1468191119
Inserted: 1468191166
Inserted: 1468191169
Inserted: 1468191216
Inserted: 1468191242
Inserted: 1468191288
Inserted: 1468191716
Inserted: 1468191810
Inserted: 1468191837
Inserted: 1468191849
Inserted: 1468191906
Inserted: 1468192096
Inserted: 1468192346
Inserted: 1468192390
Inserted: 1468192499
Inserted: 1468192521
Inserted: 1468192673
Inserted: 1468192697
Inserted: 1468192755
Inserted: 1468192771
Inserted: 1468192780
Inserted: 1468192862
Inserted: 1468192971
Inserted: 1468193048
Inserted: 1468193142
Inserted: 1468193149
Inserted: 1468193375
Inserted: 1468193469
Inserted: 1468193629
Inserted: 1468194126
Inserted: 1468194562
Inserted: 1468194680
Inserted: 1468194775
Inserted: 1468194966
Inserted: 1468195008
Inserted: 1468195190
Inserted: 1468195269
Inserted: 1468195501
Inserted: 1468195621
Inserted: 1468195626
Inserted: 1468198376
Inserted: 1468198676
Inserted: 1468199133
Inserted: 1468199393
Inserted: 1468199745
Inserted: 1468200563
Inserted: 1468200671
Inserted: 1468201138
Inserted: 1468201147
Inserted: 1468201319
Inserted: 1468201440
Inserted: 1468201547
Inserted: 1468201902
Inserted: 1468202009
Inserted: 1468202253
Inserted: 1468202315
Inserted: 1468202565
Inserted: 1468202969
Inserted: 1468203079
Inserted: 1468203199
Inserted: 1468203427
Inserted: 1468203454
Inserted: 1468203516
Inserted: 1468203908
Inserted: 1468204359
Inserted: 1468204520
Inserted: 1468204943
Inserted: 1468205246
Inserted: 1468205332
Inserted: 1468205464
Inserted: 1468205490
Inserted: 1468205749
Inserted: 1468205852
Inserted: 1468205916
Inserted: 1468206067
Inserted: 1468206216
Inserted: 1468206330
Inserted: 1468206341
Inserted: 1468206353
Inserted: 1468206515
Inserted: 1468206560
Inserted: 1468206562
Inserted: 1468206751
Inserted: 1468206805
Inserted: 1468206822
Inserted: 1468207090
Inserted: 1468207293
Inserted: 1468207611
Inserted: 1468207891
Inserted: 1468207984
Inserted: 1468208830
Inserted: 1468208947
Inserted: 1468209066
Inserted: 1468209131
Inserted: 1468209206
Inserted: 1468209388
Inserted: 1468209640
Inserted: 1468209946
Inserted: 1468209990
Inserted: 1468210175
Inserted: 1468210391
Inserted: 1468210446
Inserted: 1468210470
Inserted: 1468210695
Inserted: 1468210718
Inserted: 1468210813
Inserted: 1468210976
Inserted: 1468211151
Inserted: 1468211474
Inserted: 1468211799
Inserted: 1468212015
Inserted: 1468212055
Inserted: 1468212076
Inserted: 1468212357
Inserted: 1468212381
Inserted: 1468212382
Inserted: 1468212970
Inserted: 1468213513
Inserted: 1468213929
Inserted: 1468214179
Inserted: 1468214303
Inserted: 1468214335
Inserted: 1468214434
Inserted: 1468214644
Inserted: 1468214967
Inserted: 1468215113
Inserted: 1468215627
Inserted: 1468215862
Inserted: 1468215904
Inserted: 1468215977
Inserted: 1468216025
Inserted: 1468216087
Inserted: 1468216134
Inserted: 1468216266
Inserted: 1468216313
Inserted: 1468216327
Inserted: 1468216479
Inserted: 1468216565
Inserted: 1468217088
Inserted: 1468217419
Inserted: 1468217493
Inserted: 1468217673
Inserted: 1468217851
Inserted: 1468217987
Inserted: 1468218798
Inserted: 1468218859
Inserted: 1468219096
Inserted: 1468219210
Inserted: 1468219521
Inserted: 1468219688
Inserted: 1468220489
Inserted: 1468220615
Inserted: 1468220880
Inserted: 1468221028
Inserted: 1468221048
Inserted: 1468221061
Inserted: 1468221604
Inserted: 1468222195
Inserted: 1468223212
Inserted: 1468223262
Inserted: 1468223318
Inserted: 1468223525
Inserted: 1468223633
Inserted: 1468223744
Inserted: 1468223853
Inserted: 1468223944
Inserted: 1468223982
Inserted: 1468224250
Inserted: 1468224344
Inserted: 1468224414
Inserted: 1468224726
Inserted: 1468224819
Inserted: 1468225259
Inserted: 1468225507
Inserted: 1468225756
Inserted: 1468226377
Inserted: 1468227280
Inserted: 1468227345
Inserted: 1468227353
Inserted: 1468227480
Inserted: 1468227525
Inserted: 1468227755
Inserted: 1468228123
Inserted: 1468228341
Inserted: 1468228393
Inserted: 1468228463
Inserted: 1468228566
Inserted: 1468228737
Inserted: 1468229091
Inserted: 1468229312
Inserted: 1468229320
Inserted: 1468229395
Inserted: 1468230398
Inserted: 1468230686
Inserted: 1468230992
Inserted: 1468231113
Inserted: 1468231183
Inserted: 1468231699
Inserted: 1468231833
Inserted: 1468231861
Inserted: 1468232528
Inserted: 1468232824
Inserted: 1468233030
Inserted: 1468233079
Inserted: 1468233211
Inserted: 1468233728
Inserted: 1468233834
Inserted: 1468233946
Inserted: 1468234195
Inserted: 1468234282
Inserted: 1468234554
Inserted: 1468234886
Inserted: 1468234997
Inserted: 1468235052
Inserted: 1468235194
Inserted: 1468235599
Inserted: 1468236482
Inserted: 1468236870
Inserted: 1468237660
Inserted: 1468237661
Inserted: 1468237728
Inserted: 1468237946
Inserted: 1468238111
Inserted: 1468238233
Inserted: 1468238456
Inserted: 1468238577
Inserted: 1468238888
Inserted: 1468238893
Inserted: 1468238925
Inserted: 1468239419
Inserted: 1468239618
Inserted: 1468239644
Inserted: 1468242034
Inserted: 1468242172
Inserted: 1468242514
Inserted: 1468242537
Inserted: 1468242583
Inserted: 1468242870
Inserted: 1468243138
Inserted: 1468243314
Inserted: 1468243620
Inserted: 1468243845
Inserted: 1468243864
Inserted: 1468244131
Inserted: 1468244230
Inserted: 1468244282
Inserted: 1468244522
Inserted: 1468244575
Inserted: 1468244784
Inserted: 1468244914
Inserted: 1468244952
Inserted: 1468245061
Inserted: 1468245086
Inserted: 1468245323
Inserted: 1468245379
Inserted: 1468245393
Inserted: 1468245536
Inserted: 1468245799
Inserted: 1468246231
Inserted: 1468246294
Inserted: 1468246478
Inserted: 1468246546
Inserted: 1468246942
Inserted: 1468247068
Inserted: 1468247128
Inserted: 1468247294
Inserted: 1468248430
Inserted: 1468248484
Inserted: 1468248720
Inserted: 1468248753
Inserted: 1468248779
Inserted: 1468248952
Inserted: 1468249528
Inserted: 1468249545
Inserted: 1468249654
Inserted: 1468249786
Inserted: 1468249787
Inserted: 1468250688
Inserted: 1468250707
Inserted: 1468250864
Inserted: 1468251200
Inserted: 1468251231
Inserted: 1468251325
Inserted: 1468251370
Inserted: 1468251831
Inserted: 1468252147
Inserted: 1468252166
Inserted: 1468252189
Inserted: 1468252418
Inserted: 1468252457
Inserted: 1468252698
Inserted: 1468253473
Inserted: 1468253551
Inserted: 1468253642
Inserted: 1468253653
Inserted: 1468253943
Inserted: 1468254471
Inserted: 1468254538
Inserted: 1468254689
Inserted: 1468254701
Inserted: 1468256066
Inserted: 1468256218
Inserted: 1468256420
Inserted: 1468257337
Inserted: 1468257431
Inserted: 1468257623
Inserted: 1468258078
Inserted: 1468258114
Inserted: 1468258171
Inserted: 1468258405
Inserted: 1468258852
Inserted: 1468258981
Inserted: 1468259216
Inserted: 1468259368
Inserted: 1468259453
Inserted: 1468259482
Inserted: 1468259534
Inserted: 1468259628
Inserted: 1468259684
Inserted: 1468259939
Inserted: 1468259941
Inserted: 1468260247
Inserted: 1468260438
Inserted: 1468260586
Inserted: 1468260638
Inserted: 1468260645
Inserted: 1468260740
Inserted: 1468260773
Inserted: 1468260828
Inserted: 1468261290
Inserted: 1468261386
Inserted: 1468261394
Inserted: 1468261518
Inserted: 1468261523
Inserted: 1468261947
Inserted: 1468262100
Inserted: 1468262344
Inserted: 1468263159
Inserted: 1468263326
Inserted: 1468263722
Inserted: 1468263731
Inserted: 1468263832
Inserted: 1468264062
Inserted: 1468264308
Inserted: 1468264497
Inserted: 1468264581
Inserted: 1468264761
Inserted: 1468265478
Inserted: 1468265726
Inserted: 1468265897
Inserted: 1468266322
Inserted: 1468266415
Inserted: 1468266948
Inserted: 1468267024
Inserted: 1468267411
Inserted: 1468267465
Inserted: 1468267860
Inserted: 1468268236
Inserted: 1468268275
Inserted: 1468268489
Inserted: 1468268530
Inserted: 1468268537
Inserted: 1468268543
Inserted: 1468269002
Inserted: 1468269348
Inserted: 1468270297
Inserted: 1468270447
Inserted: 1468270688
Inserted: 1468270767
Inserted: 1468271665
Inserted: 1468272656
Inserted: 1468273157
Inserted: 1468273239
Inserted: 1468273375
Inserted: 1468273616
Inserted: 1468273700
Inserted: 1468275243
Inserted: 1468275443
Inserted: 1468275829
Inserted: 1468276006
Inserted: 1468276122
Inserted: 1468276136
Inserted: 1468276306
Inserted: 1468276331
Inserted: 1468276361
Inserted: 1468276475
Inserted: 1468276541
Inserted: 1468276918
Inserted: 1468276968
Inserted: 1468277004
Inserted: 1468277153
Inserted: 1468277616
Inserted: 1468277676
Inserted: 1468277929
Inserted: 1468278088
Inserted: 1468278150
Inserted: 1468278354
Inserted: 1468278708
Inserted: 1468278742
Inserted: 1468278818
Inserted: 1468278840
Inserted: 1468278902
Inserted: 1468279084
Inserted: 1468279358
Inserted: 1468279432
Inserted: 1468279697
Inserted: 1468279721
Inserted: 1468279996
Inserted: 1468280013
Inserted: 1468280426
Inserted: 1468280681
Inserted: 1468280970
Inserted: 1468281170
Inserted: 1468281205
Inserted: 1468281484
Inserted: 1468281702
Inserted: 1468281949
Inserted: 1468281976
Inserted: 1468281977
Inserted: 1468282327
Inserted: 1468282395
Inserted: 1468283102
Inserted: 1468283125
Inserted: 1468283175
Inserted: 1468283238
Inserted: 1468285715
Inserted: 1468285721
Inserted: 1468286113
Inserted: 1468286242
Inserted: 1468286517
Inserted: 1468286830
Inserted: 1468286882
Inserted: 1468286915
Inserted: 1468287128
Inserted: 1468287130
Inserted: 1468287156
Inserted: 1468287473
Inserted: 1468287671
Inserted: 1468287775
Inserted: 1468287881
Inserted: 1468288167
Inserted: 1468288203
Inserted: 1468288295
Inserted: 1468288564
Inserted: 1468288717
Inserted: 1468289029
Inserted: 1468289481
Inserted: 1468289520
Inserted: 1468289922
Inserted: 1468289988
Inserted: 1468290215
Inserted: 1468290274
Inserted: 1468290529
Inserted: 1468290646
Inserted: 1468290839
Inserted: 1468290857
Inserted: 1468290988
Inserted: 1468291086
Inserted: 1468291173
Inserted: 1468291535
Inserted: 1468291722
Inserted: 1468291794
Inserted: 1468292226
Inserted: 1468292303
Inserted: 1468292332
Inserted: 1468292648
Inserted: 1468292687
Inserted: 1468292740
Inserted: 1468292992
Inserted: 1468293310
Inserted: 1468293596
Inserted: 1468293739
Inserted: 1468294106
Inserted: 1468294384
Inserted: 1468294499
Inserted: 1468294780
Inserted: 1468295011
Inserted: 1468295045
Inserted: 1468295118
Inserted: 1468295134
Inserted: 1468295166
Inserted: 1468295776
Inserted: 1468295930
Inserted: 1468296233
Inserted: 1468296363
Inserted: 1468296547
Inserted: 1468296603
Inserted: 1468296694
Inserted: 1468297110
Inserted: 1468297577
Inserted: 1468297766
Inserted: 1468297944
Inserted: 1468298018
Inserted: 1468298286
Inserted: 1468298380
Inserted: 1468298918
Inserted: 1468298983
Inserted: 1468299018
Inserted: 1468299331
Inserted: 1468299644
Inserted: 1468300175
Inserted: 1468300652
Inserted: 1468301028
Inserted: 1468301176
Inserted: 1468301308
Inserted: 1468301479
Inserted: 1468301531
Inserted: 1468301542
Inserted: 1468301700
Inserted: 1468302465
Inserted: 1468303745
Inserted: 1468303842
Inserted: 1468304084
Inserted: 1468304197
Inserted: 1468304373
Inserted: 1468304596
Inserted: 1468304785
Inserted: 1468304799
Inserted: 1468304873
Inserted: 1468304945
Inserted: 1468305031
Inserted: 1468305085
Inserted: 1468305298
Inserted: 1468305782
Inserted: 1468305783
Inserted: 1468305790
Inserted: 1468306256
Inserted: 1468306295
Inserted: 1468306620
Inserted: 1468306726
Inserted: 1468306794
Inserted: 1468306873
Inserted: 1468306901
Inserted: 1468307110
Inserted: 1468307546
Inserted: 1468307584
Inserted: 1468308163
Inserted: 1468308294
Inserted: 1468309097
Inserted: 1468309113
Inserted: 1468309382
Inserted: 1468309761
Inserted: 1468310350
Inserted: 1468310979
Inserted: 1468311182
Inserted: 1468312591
Inserted: 1468312934
Inserted: 1468313074
Inserted: 1468313226
Inserted: 1468313230
Inserted: 1468313255
Inserted: 1468313503
Inserted: 1468313741
Inserted: 1468313951
Inserted: 1468314060
Inserted: 1468314253
Inserted: 1468314615
Inserted: 1468314693
Inserted: 1468314843
Inserted: 1468314947
Inserted: 1468315010
Inserted: 1468315165
Inserted: 1468315899
Inserted: 1468315952
Inserted: 1468316454
Inserted: 1468316495
Inserted: 1468316547
Inserted: 1468316597
Inserted: 1468316655
Inserted: 1468317166
Inserted: 1468318009
Inserted: 1468318249
Inserted: 1468318282
Inserted: 1468318960
Inserted: 1468318995
Inserted: 1468319163
Inserted: 1468319310
Inserted: 1468319768
Inserted: 1468319784
Inserted: 1468319805
Inserted: 1468319895
Inserted: 1468320003
Inserted: 1468320257
Inserted: 1468320352
Inserted: 1468320355
Inserted: 1468320485
Inserted: 1468321090
Inserted: 1468321382
Inserted: 1468321926
Inserted: 1468321932
Inserted: 1468321965
Inserted: 1468322073
Inserted: 1468322109
Inserted: 1468322124
Inserted: 1468322438
Inserted: 1468322471
Inserted: 1468322781
Inserted: 1468323001
Inserted: 1468323068
Inserted: 1468323072
Inserted: 1468323119
Inserted: 1468323495
Inserted: 1468324066
Inserted: 1468324465
Inserted: 1468324485
Inserted: 1468324530
Inserted: 1468324670
Inserted: 1468324687
Inserted: 1468324862
Inserted: 1468325111
Inserted: 1468325243
Inserted: 1468325296
Inserted: 1468325361
Inserted: 1468327818
Inserted: 1468327876
Inserted: 1468328133
Inserted: 1468328328
Inserted: 1468328399
Inserted: 1468328603
Inserted: 1468328945
Inserted: 1468328980
Inserted: 1468329221
Inserted: 1468329339
Inserted: 1468329533
Inserted: 1468329919
Inserted: 1468329968
Inserted: 1468330836
Inserted: 1468331305
Inserted: 1468331411
Inserted: 1468331598
Inserted: 1468331831
Inserted: 1468332203
Inserted: 1468332244
Inserted: 1468332689
Inserted: 1468332867
Inserted: 1468333186
Inserted: 1468333249
Inserted: 1468334430
Inserted: 1468334462
Inserted: 1468334712
Inserted: 1468334728
Inserted: 1468334774
Inserted: 1468334921
Inserted: 1468335001
Inserted: 1468335209
Inserted: 1468335287
Inserted: 1468335557
Inserted: 1468335636
Inserted: 1468335650
Inserted: 1468335659
Inserted: 1468335664
Inserted: 1468335742
Inserted: 1468336063
Inserted: 1468336160
Inserted: 1468336219
Inserted: 1468336500
Inserted: 1468336588
Inserted: 1468336665
Inserted: 1468336855
Inserted: 1468336885
Inserted: 1468337010
Inserted: 1468337079
Inserted: 1468337667
Inserted: 1468338165
Inserted: 1468338207
Inserted: 1468338403
Inserted: 1468338614
Inserted: 1468338634
Inserted: 1468338688
Inserted: 1468338733
Inserted: 1468338877
Inserted: 1468339111
Inserted: 1468339206
Inserted: 1468339214
Inserted: 1468339296
Inserted: 1468339324
Inserted: 1468339331
Inserted: 1468339378
Inserted: 1468339411
Inserted: 1468339451
Inserted: 1468339493
Inserted: 1468339525
Inserted: 1468339559
Inserted: 1468339988
Inserted: 1468340012
Inserted: 1468340127
Inserted: 1468340128
Inserted: 1468340529
Inserted: 1468340562
Inserted: 1468340749
Inserted: 1468340955
Inserted: 1468341826
Inserted: 1468342381
Inserted: 1468342571
Inserted: 1468342595
Inserted: 1468342622
Inserted: 1468342685
Inserted: 1468343256
Inserted: 1468343304
Inserted: 1468343337
Inserted: 1468343476
Inserted: 1468343551
Inserted: 1468343593
Inserted: 1468343959
Inserted: 1468343971
Inserted: 1468344395
Inserted: 1468344442
Inserted: 1468344629
Inserted: 1468345048
Inserted: 1468345562
Inserted: 1468345812
Inserted: 1468346140
Inserted: 1468346243
Inserted: 1468346377
Inserted: 1468346666
Inserted: 1468346994
Inserted: 1468347669
Inserted: 1468347721
Inserted: 1468347770
Inserted: 1468348498
Inserted: 1468349204
Inserted: 1468349438
Inserted: 1468349627
Inserted: 1468349840
Inserted: 1468350411
Inserted: 1468350546
Inserted: 1468350585
Inserted: 1468350806
Inserted: 1468350829
Inserted: 1468350857
Inserted: 1468350938
Inserted: 1468351085
Inserted: 1468351264
Inserted: 1468351322
Inserted: 1468351490
Inserted: 1468351682
Inserted: 1468352163
Inserted: 1468352233
Inserted: 1468352313
Inserted: 1468352503
Inserted: 1468352859
Inserted: 1468352863
Inserted: 1468353157
Inserted: 1468353159
Inserted: 1468353164
Inserted: 1468353433
Inserted: 1468353474
Inserted: 1468353484
Inserted: 1468354465
Inserted: 1468354903
Inserted: 1468355201
Inserted: 1468355232
Inserted: 1468355233
Inserted: 1468355474
Inserted: 1468356017
Inserted: 1468356363
Inserted: 1468356673
Inserted: 1468356817
Inserted: 1468356896
Inserted: 1468357020
Inserted: 1468357300
Inserted: 1468357465
Inserted: 1468357534
Inserted: 1468357559
Inserted: 1468357879
Inserted: 1468357965
Inserted: 1468358113
Inserted: 1468359365
Inserted: 1468359439
Inserted: 1468359672
Inserted: 1468359747
Inserted: 1468359766
Inserted: 1468359850
Inserted: 1468360001
Inserted: 1468360192
Inserted: 1468360535
Inserted: 1468361627
Inserted: 1468361778
Inserted: 1468361903
Inserted: 1468361965
Inserted: 1468362047
Inserted: 1468362467
Inserted: 1468362542
Inserted: 1468362683
Inserted: 1468362717
Inserted: 1468362722
Inserted: 1468362843
Inserted: 1468363071
Inserted: 1468363386
Inserted: 1468363625
Inserted: 1468363676
Inserted: 1468363716
Inserted: 1468363821
Inserted: 1468363927
Inserted: 1468364350
Inserted: 1468365487
Inserted: 1468365503
Inserted: 1468365646
Inserted: 1468365655
Inserted: 1468366320
Inserted: 1468366733
Inserted: 1468367150
Inserted: 1468367434
Inserted: 1468367488
Inserted: 1468367494
Inserted: 1468367522
Inserted: 1468367547
Inserted: 1468369075
Inserted: 1468369221
Inserted: 1468369793
Inserted: 1468369843
Inserted: 1468370013
Inserted: 1468370135
Inserted: 1468371126
Inserted: 1468371132
Inserted: 1468371395
Inserted: 1468371683
Inserted: 1468371688
Inserted: 1468371748
Inserted: 1468371791
Inserted: 1468372133
Inserted: 1468372392
Inserted: 1468372469
Inserted: 1468372584
Inserted: 1468372832
Inserted: 1468372964
Inserted: 1468373019
Inserted: 1468373104
Inserted: 1468373347
Inserted: 1468373489
Inserted: 1468374010
Inserted: 1468374080
Inserted: 1468374165
Inserted: 1468374182
Inserted: 1468374500
Inserted: 1468374567
Inserted: 1468374827
Inserted: 1468374828
Inserted: 1468374893
Inserted: 1468375561
Inserted: 1468375719
Inserted: 1468375888
Inserted: 1468376220
Inserted: 1468376386
Inserted: 1468376507
Inserted: 1468376513
Inserted: 1468377036
Inserted: 1468377110
Inserted: 1468377161
Inserted: 1468377303
Inserted: 1468377379
Inserted: 1468377527
Inserted: 1468377592
Inserted: 1468377846
Inserted: 1468377916
Inserted: 1468378038
Inserted: 1468378561
Inserted: 1468378901
Inserted: 1468379025
Inserted: 1468379134
Inserted: 1468379327
Inserted: 1468379366
Inserted: 1468379411
Inserted: 1468379489
Inserted: 1468379622
Inserted: 1468379629
Inserted: 1468379858
Inserted: 1468380624
Inserted: 1468380736
Inserted: 1468380900
Inserted: 1468380905
Inserted: 1468381190
Inserted: 1468381253
Inserted: 1468381357
Inserted: 1468382720
Inserted: 1468382808
Inserted: 1468382935
Inserted: 1468382936
Inserted: 1468383127
Inserted: 1468383438
Inserted: 1468383563
Inserted: 1468383588
Inserted: 1468383649
Inserted: 1468383672
Inserted: 1468383979
Inserted: 1468384388
Inserted: 1468384517
Inserted: 1468384573
Inserted: 1468384693
Inserted: 1468385024
Inserted: 1468385389
Inserted: 1468385529
Inserted: 1468385688
Inserted: 1468385727
Inserted: 1468385738
Inserted: 1468385804
Inserted: 1468386019
Inserted: 1468386634
Inserted: 1468386803
Inserted: 1468386843
Inserted: 1468386931
Inserted: 1468387031
Inserted: 1468387095
Inserted: 1468387098
Inserted: 1468387099
Inserted: 1468387107
Inserted: 1468387236
Inserted: 1468387244
Inserted: 1468387251
Inserted: 1468387357
Inserted: 1468387458
Inserted: 1468387462
Inserted: 1468387702
Inserted: 1468387718
Inserted: 1468387739
Inserted: 1468388154
Inserted: 1468389736
Inserted: 1468389907
Inserted: 1468390269
Inserted: 1468390678
Inserted: 1468390752
Inserted: 1468390757
Inserted: 1468390805
Inserted: 1468390818
Inserted: 1468391027
Inserted: 1468391172
Inserted: 1468391182
Inserted: 1468391317
Inserted: 1468391447
Inserted: 1468391638
Inserted: 1468391684
Inserted: 1468391942
Inserted: 1468392015
Inserted: 1468392100
Inserted: 1468392374
Inserted: 1468392589
Inserted: 1468392988
Inserted: 1468393336
Inserted: 1468393526
Inserted: 1468394086
Inserted: 1468394297
Inserted: 1468394508
Inserted: 1468394737
Inserted: 1468394780
Inserted: 1468395075
Inserted: 1468395211
Inserted: 1468395331
Inserted: 1468395488
Inserted: 1468395561
Inserted: 1468395582
Inserted: 1468395703
Inserted: 1468395829
Inserted: 1468396100
Inserted: 1468396339
Inserted: 1468396478
Inserted: 1468396693
Inserted: 1468397037
Inserted: 1468397054
Inserted: 1468397087
Inserted: 1468397171
Inserted: 1468397193
Inserted: 1468397594
Inserted: 1468398313
Inserted: 1468398513
Inserted: 1468398678
Inserted: 1468398887
Inserted: 1468399171
Inserted: 1468399373
Inserted: 1468399454
Inserted: 1468399506
Inserted: 1468400241
Inserted: 1468400290
Inserted: 1468400441
Inserted: 1468400520
Inserted: 1468400904
Inserted: 1468401268
Inserted: 1468401346
Inserted: 1468401416
Inserted: 1468402174
Inserted: 1468402867
Inserted: 1468402926
Inserted: 1468403336
Inserted: 1468403421
Inserted: 1468403517
Inserted: 1468403707
Inserted: 1468403759
Inserted: 1468403861
Inserted: 1468404284
Inserted: 1468404818
Inserted: 1468404837
Inserted: 1468405483
Inserted: 1468405527
Inserted: 1468405613
Inserted: 1468405683
Inserted: 1468405800
Inserted: 1468405879
Inserted: 1468406459
Inserted: 1468406890
Inserted: 1468407065
Inserted: 1468407242
Inserted: 1468407370
Inserted: 1468407418
Inserted: 1468407595
Inserted: 1468407652
Inserted: 1468407707
Inserted: 1468407925
Inserted: 1468408276
Inserted: 1468408457
Inserted: 1468408566
Inserted: 1468408924
Inserted: 1468409094
Inserted: 1468409096
Inserted: 1468410086
Inserted: 1468410636
Inserted: 1468410658
Inserted: 1468411108
Inserted: 1468411208
Inserted: 1468411728
Inserted: 1468411887
Inserted: 1468412147
Inserted: 1468412281
Inserted: 1468412691
Inserted: 1468412762
Inserted: 1468413211
Inserted: 1468413433
Inserted: 1468413596
Inserted: 1468413640
Inserted: 1468413644
Inserted: 1468414042
Inserted: 1468414345
Inserted: 1468414733
Inserted: 1468415002
Inserted: 1468415054
Inserted: 1468415064
Inserted: 1468415328
Inserted: 1468415366
Inserted: 1468415586
Inserted: 1468415592
Inserted: 1468415745
Inserted: 1468416073
Inserted: 1468416283
Inserted: 1468416322
Inserted: 1468416654
Inserted: 1468416942
Inserted: 1468416968
Inserted: 1468417008
Inserted: 1468417099
Inserted: 1468417218
Inserted: 1468418315
Inserted: 1468419131
Inserted: 1468419270
Inserted: 1468419343
Inserted: 1468419360
Inserted: 1468419413
Inserted: 1468419515
Inserted: 1468419545
Inserted: 1468419731
Inserted: 1468420020
Inserted: 1468420555
Inserted: 1468420776
Inserted: 1468421088
Inserted: 1468421206
Inserted: 1468421302
Inserted: 1468421576
Inserted: 1468421860
Inserted: 1468422135
Inserted: 1468422466
Inserted: 1468422587
Inserted: 1468422703
Inserted: 1468422790
Inserted: 1468422938
Inserted: 1468422966
Inserted: 1468423043
Inserted: 1468423172
Inserted: 1468423419
Inserted: 1468423539
Inserted: 1468423640
Inserted: 1468423877
Inserted: 1468423953
Inserted: 1468424355
Inserted: 1468424547
Inserted: 1468424759
Inserted: 1468424886
Inserted: 1468425033
Inserted: 1468425130
Inserted: 1468425541
Inserted: 1468425681
Inserted: 1468426052
Inserted: 1468426131
Inserted: 1468426159
Inserted: 1468426470
Inserted: 1468426836
Inserted: 1468427103
Inserted: 1468427421
Inserted: 1468427478
Inserted: 1468427739
Inserted: 1468427777
Inserted: 1468428345
Inserted: 1468428501
Inserted: 1468428510
Inserted: 1468428691
Inserted: 1468429115
Inserted: 1468429156
Inserted: 1468429718
Inserted: 1468429774
Inserted: 1468430350
Inserted: 1468430390
Inserted: 1468430808
Inserted: 1468431215
Inserted: 1468431362
Inserted: 1468431486
Inserted: 1468431680
Inserted: 1468431689
Inserted: 1468431849
Inserted: 1468432138
Inserted: 1468432240
Inserted: 1468432505
Inserted: 1468432739
Inserted: 1468433041
Inserted: 1468433231
Inserted: 1468433874
Inserted: 1468433879
Inserted: 1468433983
Inserted: 1468434280
Inserted: 1468434900
Inserted: 1468434965
Inserted: 1468435144
Inserted: 1468435635
Inserted: 1468435637
Inserted: 1468435746
Inserted: 1468439072
Inserted: 1468439505
Inserted: 1468439611
Inserted: 1468439925
Inserted: 1468440106
Inserted: 1468440198
Inserted: 1468440269
Inserted: 1468440571
Inserted: 1468440788
Inserted: 1468440872
Inserted: 1468440915
Inserted: 1468441009
Inserted: 1468441073
Inserted: 1468441133
Inserted: 1468441560
Inserted: 1468441667
Inserted: 1468441772
Inserted: 1468441985
Inserted: 1468442569
Inserted: 1468442590
Inserted: 1468442668
Inserted: 1468442841
Inserted: 1468442929
Inserted: 1468443210
Inserted: 1468443249
Inserted: 1468443331
Inserted: 1468443393
Inserted: 1468443414
Inserted: 1468443601
Inserted: 1468443662
Inserted: 1468443699
Inserted: 1468443823
Inserted: 1468443972
Inserted: 1468444158
Inserted: 1468444367
Inserted: 1468444404
Inserted: 1468444502
Inserted: 1468444781
Inserted: 1468444801
Inserted: 1468444937
Inserted: 1468444945
Inserted: 1468445118
Inserted: 1468445202
Inserted: 1468445304
Inserted: 1468445391
Inserted: 1468445455
Inserted: 1468445683
Inserted: 1468446153
Inserted: 1468446352
Inserted: 1468446642
Inserted: 1468447181
Inserted: 1468447322
Inserted: 1468447506
Inserted: 1468447712
Inserted: 1468447755
Inserted: 1468447848
Inserted: 1468447918
Inserted: 1468448011
Inserted: 1468448295
Inserted: 1468448423
Inserted: 1468448691
Inserted: 1468448777
Inserted: 1468448817
Inserted: 1468448920
Inserted: 1468449024
Inserted: 1468449201
Inserted: 1468449262
Inserted: 1468449414
Inserted: 1468449589
Inserted: 1468450091
Inserted: 1468450265
Inserted: 1468450371
Inserted: 1468450635
Inserted: 1468450665
Inserted: 1468450926
Inserted: 1468451020
Inserted: 1468451589
Inserted: 1468451621
Inserted: 1468451944
Inserted: 1468452109
Inserted: 1468452198
Inserted: 1468452308
Inserted: 1468452854
Inserted: 1468453223
Inserted: 1468453632
Inserted: 1468453989
Inserted: 1468454026
Inserted: 1468454068
Inserted: 1468454638
Inserted: 1468454815
Inserted: 1468455311
Inserted: 1468455611
Inserted: 1468455771
Inserted: 1468456042
Inserted: 1468456102
Inserted: 1468456335
Inserted: 1468456791
Inserted: 1468456945
Inserted: 1468456946
Inserted: 1468457178
Inserted: 1468457203
Inserted: 1468457279
Inserted: 1468457384
Inserted: 1468457573
Inserted: 1468457666
Inserted: 1468457960
Inserted: 1468458804
Inserted: 1468459057
Inserted: 1468459410
Inserted: 1468459519
Inserted: 1468459868
Inserted: 1468460152
Inserted: 1468460332
Inserted: 1468460408
Inserted: 1468460477
Inserted: 1468460495
Inserted: 1468460634
Inserted: 1468460651
Inserted: 1468460658
Inserted: 1468461581
Inserted: 1468461607
Inserted: 1468462323
Inserted: 1468462729
Inserted: 1468463138
Inserted: 1468463357
Inserted: 1468463375
Inserted: 1468463601
Inserted: 1468463689
Inserted: 1468463742
Inserted: 1468463979
Inserted: 1468464223
Inserted: 1468464252
Inserted: 1468464361
Inserted: 1468464385
Inserted: 1468464944
Inserted: 1468465224
Inserted: 1468465459
Inserted: 1468465787
Inserted: 1468466027
Inserted: 1468466307
Inserted: 1468466782
Inserted: 1468466892
Inserted: 1468467021
Inserted: 1468467119
Inserted: 1468467248
Inserted: 1468467397
Inserted: 1468467461
Inserted: 1468467768
Inserted: 1468468097
Inserted: 1468468139
Inserted: 1468468216
Inserted: 1468468898
Inserted: 1468468951
Inserted: 1468468955
Inserted: 1468469027
Inserted: 1468469066
Inserted: 1468469149
Inserted: 1468469427
Inserted: 1468469640
Inserted: 1468469725
Inserted: 1468469726
Inserted: 1468470028
Inserted: 1468470153
Inserted: 1468470352
Inserted: 1468470354
Inserted: 1468470368
Inserted: 1468470731
Inserted: 1468471006
Inserted: 1468471112
Inserted: 1468471296
Inserted: 1468471467
Inserted: 1468471496
Inserted: 1468471872
Inserted: 1468471995
Inserted: 1468472273
Inserted: 1468472365
Inserted: 1468472440
Inserted: 1468472468
Inserted: 1468472571
Inserted: 1468472757
Inserted: 1468473574
Inserted: 1468473633
Inserted: 1468473909
Inserted: 1468473980
Inserted: 1468473998
Inserted: 1468474003
Inserted: 1468474914
Inserted: 1468475327
Inserted: 1468475623
Inserted: 1468476005
Inserted: 1468476148
Inserted: 1468476234
Inserted: 1468476308
Inserted: 1468476454
Inserted: 1468476659
Inserted: 1468477698
Inserted: 1468478238
Inserted: 1468478971
Inserted: 1468479073
Inserted: 1468479137
Inserted: 1468479146
Inserted: 1468479164
Inserted: 1468479449
Inserted: 1468479697
Inserted: 1468480071
Inserted: 1468480240
Inserted: 1468480285
Inserted: 1468480355
Inserted: 1468480585
Inserted: 1468480593
Inserted: 1468480781
Inserted: 1468480976
Inserted: 1468481157
Inserted: 1468481179
Inserted: 1468481761
Inserted: 1468481866
Inserted: 1468481907
Inserted: 1468482279
Inserted: 1468482569
Inserted: 1468482789
Inserted: 1468483396
Inserted: 1468483569
Inserted: 1468483780
Inserted: 1468484103
Inserted: 1468484208
Inserted: 1468484256
Inserted: 1468484427
Inserted: 1468484535
Inserted: 1468484631
Inserted: 1468484692
Inserted: 1468484722
Inserted: 1468484906
Inserted: 1468485038
Inserted: 1468485154
Inserted: 1468485227
Inserted: 1468485407
Inserted: 1468486008
Inserted: 1468486116
Inserted: 1468486396
Inserted: 1468486641
Inserted: 1468487295
Inserted: 1468487433
Inserted: 1468487862
Inserted: 1468487909
Inserted: 1468488036
Inserted: 1468488056
Inserted: 1468488504
Inserted: 1468488713
Inserted: 1468488716
Inserted: 1468488796
Inserted: 1468488843
Inserted: 1468488975
Inserted: 1468489012
Inserted: 1468489414
Inserted: 1468489438
Inserted: 1468489452
Inserted: 1468489507
Inserted: 1468489520
Inserted: 1468489522
Inserted: 1468489868
Inserted: 1468490045
Inserted: 1468490111
Inserted: 1468490260
Inserted: 1468490308
Inserted: 1468490629
Inserted: 1468490737
Inserted: 1468491182
Inserted: 1468491443
Inserted: 1468491526
Inserted: 1468491766
Inserted: 1468492354
Inserted: 1468492357
Inserted: 1468492488
Inserted: 1468492563
Inserted: 1468492702
Inserted: 1468492727
Inserted: 1468492873
Inserted: 1468493268
Inserted: 1468493377
Inserted: 1468493677
Inserted: 1468493731
Inserted: 1468494392
Inserted: 1468494732
Inserted: 1468494789
Inserted: 1468494849
Inserted: 1468495130
Inserted: 1468495292
Inserted: 1468495833
Inserted: 1468495877
Inserted: 1468496029
Inserted: 1468496097
Inserted: 1468496197
Inserted: 1468496352
Inserted: 1468496366
Inserted: 1468496510
Inserted: 1468496635
Inserted: 1468496782
Inserted: 1468498034
Inserted: 1468498332
Inserted: 1468498404
Inserted: 1468498594
Inserted: 1468498689
Inserted: 1468498896
Inserted: 1468499488
Inserted: 1468499491
Inserted: 1468499537
Inserted: 1468500372
Inserted: 1468500546
Inserted: 1468500666
Inserted: 1468501592
Inserted: 1468501599
Inserted: 1468501650
Inserted: 1468501746
Inserted: 1468501925
Inserted: 1468502040
Inserted: 1468502262
Inserted: 1468502371
Inserted: 1468502648
Inserted: 1468502708
Inserted: 1468502726
Inserted: 1468502931
Inserted: 1468503341
Inserted: 1468503546
Inserted: 1468503555
Inserted: 1468503801
Inserted: 1468504014
Inserted: 1468504541
Inserted: 1468504713
Inserted: 1468504935
Inserted: 1468505022
Inserted: 1468505135
Inserted: 1468505282
Inserted: 1468505328
Inserted: 1468505934
Inserted: 1468506213
Inserted: 1468506562
Inserted: 1468506687
Inserted: 1468506889
Inserted: 1468507433
Inserted: 1468507491
Inserted: 1468507632
Inserted: 1468507783
Inserted: 1468507796
Inserted: 1468508226
Inserted: 1468508517
Inserted: 1468508523
Inserted: 1468508689
Inserted: 1468508797
Inserted: 1468509056
Inserted: 1468509098
Inserted: 1468509471
Inserted: 1468510049
Inserted: 1468510181
Inserted: 1468510278
Inserted: 1468510299
Inserted: 1468510883
Inserted: 1468511008
Inserted: 1468511185
Inserted: 1468511278
Inserted: 1468511296
Inserted: 1468511722
Inserted: 1468511743
Inserted: 1468512629
Inserted: 1468512809
Inserted: 1468512858
Inserted: 1468513210
Inserted: 1468513298
Inserted: 1468513392
Inserted: 1468514004
Inserted: 1468514218
Inserted: 1468514345
Inserted: 1468514411
Inserted: 1468514434
Inserted: 1468514855
Inserted: 1468515051
Inserted: 1468515697
Inserted: 1468515839
Inserted: 1468515857
Inserted: 1468515910
Inserted: 1468516317
Inserted: 1468517081
Inserted: 1468517358
Inserted: 1468517434
Inserted: 1468517562
Inserted: 1468517778
Inserted: 1468517885
Inserted: 1468518013
Inserted: 1468518042
Inserted: 1468518185
Inserted: 1468518575
Inserted: 1468518601
Inserted: 1468518616
Inserted: 1468518622
Inserted: 1468518661
Inserted: 1468519224
Inserted: 1468519231
Inserted: 1468519716
Inserted: 1468519769
Inserted: 1468519879
Inserted: 1468520064
Inserted: 1468520705
Inserted: 1468521189
Inserted: 1468521339
Inserted: 1468521684
Inserted: 1468521739
Inserted: 1468522016
Inserted: 1468522039
Inserted: 1468522061
Inserted: 1468522070
Inserted: 1468522212
Inserted: 1468522517
Inserted: 1468522689
Inserted: 1468522829
Inserted: 1468523199
Inserted: 1468523421
Inserted: 1468523989
Inserted: 1468524463
Inserted: 1468524966
Inserted: 1468525551
Inserted: 1468525572
Inserted: 1468525616
Inserted: 1468525712
Inserted: 1468525918
Inserted: 1468526018
Inserted: 1468526184
Inserted: 1468526212
Inserted: 1468526847
Inserted: 1468526991
Inserted: 1468527026
Inserted: 1468527108
Inserted: 1468527522
Inserted: 1468527541
Inserted: 1468527813
Inserted: 1468527895
Inserted: 1468528315
Inserted: 1468528378
Inserted: 1468528850
Inserted: 1468528946
Inserted: 1468529203
Inserted: 1468529240
Inserted: 1468529512
Inserted: 1468529694
Inserted: 1468530032
Inserted: 1468530302
Inserted: 1468530382
Inserted: 1468530742
Inserted: 1468530766
Inserted: 1468531165
Inserted: 1468531418
Inserted: 1468532001
Inserted: 1468532172
Inserted: 1468532733
Inserted: 1468533079
Inserted: 1468533351
Inserted: 1468533749
Inserted: 1468534089
Inserted: 1468534771
Inserted: 1468534901
Inserted: 1468535027
Inserted: 1468536368
Inserted: 1468536517
Inserted: 1468536585
Inserted: 1468536884
Inserted: 1468537872
Inserted: 1468538207
Inserted: 1468538433
Inserted: 1468539091
Inserted: 1468539136
Inserted: 1468539541
Inserted: 1468539812
Inserted: 1468540132
Inserted: 1468540233
Inserted: 1468540503
Inserted: 1468540624
Inserted: 1468540713
Inserted: 1468541056
Inserted: 1468541138
Inserted: 1468541394
Inserted: 1468541670
Inserted: 1468541693
Inserted: 1468541803
Inserted: 1468541920
Inserted: 1468541955
Inserted: 1468542034
Inserted: 1468542883
Inserted: 1468543053
Inserted: 1468543162
Inserted: 1468543219
Inserted: 1468543510
Inserted: 1468543555
Inserted: 1468543584
Inserted: 1468543671
Inserted: 1468543963
Inserted: 1468544240
Inserted: 1468544266
Inserted: 1468544449
Inserted: 1468544893
Inserted: 1468544973
Inserted: 1468545035
Inserted: 1468545106
Inserted: 1468545846
Inserted: 1468545912
Inserted: 1468545927
Inserted: 1468546091
Inserted: 1468546258
Inserted: 1468546456
Inserted: 1468546637
Inserted: 1468547124
Inserted: 1468547246
Inserted: 1468547530
Inserted: 1468547591
Inserted: 1468547871
Inserted: 1468548172
Inserted: 1468548353
Inserted: 1468548587
Inserted: 1468548615
Inserted: 1468548785
Inserted: 1468548790
Inserted: 1468548897
Inserted: 1468549477
Inserted: 1468549512
Inserted: 1468549633
Inserted: 1468549786
Inserted: 1468550134
Inserted: 1468550704
Inserted: 1468550790
Inserted: 1468551322
Inserted: 1468551419
Inserted: 1468551456
Inserted: 1468551761
Inserted: 1468551775
Inserted: 1468551802
Inserted: 1468552124
Inserted: 1468552130
Inserted: 1468552168
Inserted: 1468552490
Inserted: 1468552807
Inserted: 1468552892
Inserted: 1468553164
Inserted: 1468553183
Inserted: 1468553296
Inserted: 1468553645
Inserted: 1468554091
Inserted: 1468554127
Inserted: 1468554814
Inserted: 1468554937
Inserted: 1468555325
Inserted: 1468555873
Inserted: 1468555920
Inserted: 1468556168
Inserted: 1468556456
Inserted: 1468556545
Inserted: 1468556667
Inserted: 1468556716
Inserted: 1468556849
Inserted: 1468557461
Inserted: 1468557855
Inserted: 1468558626
Inserted: 1468558857
Inserted: 1468558868
Inserted: 1468560687
Inserted: 1468560811
Inserted: 1468560814
Inserted: 1468560841
Inserted: 1468561079
Inserted: 1468561183
Inserted: 1468561339
Inserted: 1468561830
Inserted: 1468561884
Inserted: 1468562141
Inserted: 1468562484
Inserted: 1468562542
Inserted: 1468562671
Inserted: 1468562701
Inserted: 1468563166
Inserted: 1468563245
Inserted: 1468563532
Inserted: 1468563648
Inserted: 1468563763
Inserted: 1468563907
Inserted: 1468564279
Inserted: 1468564407
Inserted: 1468564669
Inserted: 1468564766
Inserted: 1468564855
Inserted: 1468565000
Inserted: 1468565098
Inserted: 1468565154
Inserted: 1468565211
Inserted: 1468565480
Inserted: 1468565566
Inserted: 1468565579
Inserted: 1468565652
Inserted: 1468566147
Inserted: 1468566187
Inserted: 1468566413
Inserted: 1468566578
Inserted: 1468566786
Inserted: 1468566821
Inserted: 1468566823
Inserted: 1468566973
Inserted: 1468567016
Inserted: 1468567161
Inserted: 1468567420
Inserted: 1468567566
Inserted: 1468567750
Inserted: 1468568084
Inserted: 1468568311
Inserted: 1468568623
Inserted: 1468568699
Inserted: 1468569024
Inserted: 1468569320
Inserted: 1468569419
Inserted: 1468569726
Inserted: 1468570008
Inserted: 1468570328
Inserted: 1468570594
Inserted: 1468570828
Inserted: 1468570860
Inserted: 1468570896
Inserted: 1468570995
Inserted: 1468571245
Inserted: 1468571262
Inserted: 1468571685
Inserted: 1468571755
Inserted: 1468571863
Inserted: 1468571878
Inserted: 1468572021
Inserted: 1468572028
Inserted: 1468572476
Inserted: 1468572912
Inserted: 1468572937
Inserted: 1468573416
Inserted: 1468573554
Inserted: 1468573574
Inserted: 1468573723
Inserted: 1468573879
Inserted: 1468574100
Inserted: 1468574354
Inserted: 1468574812
Inserted: 1468574970
Inserted: 1468575290
Inserted: 1468575292
Inserted: 1468575547
Inserted: 1468575633
Inserted: 1468575832
Inserted: 1468576197
Inserted: 1468576909
Inserted: 1468577526
Inserted: 1468577939
Inserted: 1468577950
Inserted: 1468578020
Inserted: 1468578118
Inserted: 1468578189
Inserted: 1468578405
Inserted: 1468578466
Inserted: 1468578538
Inserted: 1468578704
Inserted: 1468578809
Inserted: 1468579125
Inserted: 1468579507
Inserted: 1468579783
Inserted: 1468580108
Inserted: 1468580924
Inserted: 1468580990
Inserted: 1468581148
Inserted: 1468581218
Inserted: 1468582130
Inserted: 1468582346
Inserted: 1468582414
Inserted: 1468582630
Inserted: 1468582636
Inserted: 1468582817
Inserted: 1468582825
Inserted: 1468582858
Inserted: 1468583130
Inserted: 1468583468
Inserted: 1468583796
Inserted: 1468583816
Inserted: 1468584115
Inserted: 1468584621
Inserted: 1468584756
Inserted: 1468585401
Inserted: 1468585560
Inserted: 1468586391
Inserted: 1468586841
Inserted: 1468587360
Inserted: 1468587896
Inserted: 1468587917
Inserted: 1468588126
Inserted: 1468588643
Inserted: 1468588836
Inserted: 1468589177
Inserted: 1468589198
Inserted: 1468589510
Inserted: 1468589811
Inserted: 1468590276
Inserted: 1468590417
Inserted: 1468590446
Inserted: 1468590687
Inserted: 1468590883
Inserted: 1468591226
Inserted: 1468591243
Inserted: 1468591556
Inserted: 1468591774
Inserted: 1468592035
Inserted: 1468592042
Inserted: 1468592279
Inserted: 1468592501
Inserted: 1468592622
Inserted: 1468593185
Inserted: 1468593281
Inserted: 1468593463
Inserted: 1468593660
Inserted: 1468593773
Inserted: 1468594081
Inserted: 1468594652
Inserted: 1468594996
Inserted: 1468595084
Inserted: 1468595095
Inserted: 1468595182
Inserted: 1468595283
Inserted: 1468595297
Inserted: 1468595850
Inserted: 1468596073
Inserted: 1468596208
Inserted: 1468596693
Inserted: 1468596885
Inserted: 1468596927
Inserted: 1468596929
Inserted: 1468597269
Inserted: 1468598037
Inserted: 1468598198
Inserted: 1468598341
Inserted: 1468598385
Inserted: 1468598459
Inserted: 1468598518
Inserted: 1468598811
Inserted: 1468598817
Inserted: 1468598987
Inserted: 1468599110
Inserted: 1468599213
Inserted: 1468599415
Inserted: 1468599754
Inserted: 1468599846
Inserted: 1468599980
Inserted: 1468600060
Inserted: 1468600221
Inserted: 1468600337
Inserted: 1468600466
Inserted: 1468600978
Inserted: 1468601090
Inserted: 1468601271
Inserted: 1468601402
Inserted: 1468602199
Inserted: 1468602417
Inserted: 1468602461
Inserted: 1468602936
Inserted: 1468602988
Inserted: 1468603079
Inserted: 1468603209
Inserted: 1468603408
Inserted: 1468603974
Inserted: 1468604390
Inserted: 1468604795
Inserted: 1468604810
Inserted: 1468605010
Inserted: 1468605370
Inserted: 1468605376
Inserted: 1468606175
Inserted: 1468606710
Inserted: 1468606953
Inserted: 1468607254
Inserted: 1468607344
Inserted: 1468607647
Inserted: 1468607733
Inserted: 1468608026
Inserted: 1468608080
Inserted: 1468608214
Inserted: 1468608610
Inserted: 1468609133
Inserted: 1468609298
Inserted: 1468609303
Inserted: 1468609315
Inserted: 1468609400
Inserted: 1468609575
Inserted: 1468609669
Inserted: 1468610045
Inserted: 1468610083
Inserted: 1468610356
Inserted: 1468610527
Inserted: 1468610803
Inserted: 1468610982
Inserted: 1468611228
Inserted: 1468611366
Inserted: 1468611643
Inserted: 1468611785
Inserted: 1468612362
Inserted: 1468612843
Inserted: 1468612855
Inserted: 1468613026
Inserted: 1468613355
Inserted: 1468614764
Inserted: 1468617662
Inserted: 1468617783
Inserted: 1468617899
Inserted: 1468617912
Inserted: 1468618309
Inserted: 1468618608
Inserted: 1468618787
Inserted: 1468619130
Inserted: 1468619422
Inserted: 1468619872
Inserted: 1468619985
Inserted: 1468620198
Inserted: 1468620322
Inserted: 1468620341
Inserted: 1468620878
Inserted: 1468620940
Inserted: 1468620963
Inserted: 1468621312
Inserted: 1468621368
Inserted: 1468621585
Inserted: 1468621613
Inserted: 1468621670
Inserted: 1468621706
Inserted: 1468622048
Inserted: 1468622089
Inserted: 1468622500
Inserted: 1468622538
Inserted: 1468622564
Inserted: 1468622718
Inserted: 1468622735
Inserted: 1468622896
Inserted: 1468623062
Inserted: 1468623158
Inserted: 1468623274
Inserted: 1468623578
Inserted: 1468623792
Inserted: 1468623914
Inserted: 1468623997
Inserted: 1468624271
Inserted: 1468624519
Inserted: 1468624571
Inserted: 1468624722
Inserted: 1468624921
Inserted: 1468625137
Inserted: 1468625160
Inserted: 1468625240
Inserted: 1468625371
Inserted: 1468625547
Inserted: 1468625847
Inserted: 1468626067
Inserted: 1468626256
Inserted: 1468626263
Inserted: 1468626371
Inserted: 1468626778
Inserted: 1468626843
Inserted: 1468626858
Inserted: 1468627125
Inserted: 1468627571
Inserted: 1468627583
Inserted: 1468627852
Inserted: 1468627911
Inserted: 1468628161
Inserted: 1468628219
Inserted: 1468628251
Inserted: 1468628642
Inserted: 1468629079
Inserted: 1468629131
Inserted: 1468629222
Inserted: 1468629378
Inserted: 1468629992
Inserted: 1468630147
Inserted: 1468630176
Inserted: 1468630302
Inserted: 1468630321
Inserted: 1468630391
Inserted: 1468630700
Inserted: 1468630730
Inserted: 1468630777
Inserted: 1468631203
Inserted: 1468631235
Inserted: 1468631241
Inserted: 1468631297
Inserted: 1468631882
Inserted: 1468632096
Inserted: 1468632264
Inserted: 1468632266
Inserted: 1468633119
Inserted: 1468633263
Inserted: 1468633491
Inserted: 1468633597
Inserted: 1468633773
Inserted: 1468633994
Inserted: 1468634153
Inserted: 1468634189
Inserted: 1468634552
Inserted: 1468635091
Inserted: 1468635266
Inserted: 1468635362
Inserted: 1468635603
Inserted: 1468635708
Inserted: 1468635854
Inserted: 1468635993
Inserted: 1468636282
Inserted: 1468636418
Inserted: 1468636515
Inserted: 1468636610
Inserted: 1468636811
Inserted: 1468637759
Inserted: 1468637767
Inserted: 1468637931
Inserted: 1468637958
Inserted: 1468638203
Inserted: 1468638997
Inserted: 1468639055
Inserted: 1468639063
Inserted: 1468639202
Inserted: 1468639214
Inserted: 1468639269
Inserted: 1468639310
Inserted: 1468639458
Inserted: 1468639568
Inserted: 1468639794
Inserted: 1468640168
Inserted: 1468640416
Inserted: 1468640566
Inserted: 1468640813
Inserted: 1468641498
Inserted: 1468641595
Inserted: 1468641719
Inserted: 1468641786
Inserted: 1468642677
Inserted: 1468642742
Inserted: 1468643337
Inserted: 1468643581
Inserted: 1468643979
Inserted: 1468644415
Inserted: 1468644653
Inserted: 1468644732
Inserted: 1468644838
Inserted: 1468644867
Inserted: 1468644920
Inserted: 1468644924
Inserted: 1468645058
Inserted: 1468645098
Inserted: 1468645121
Inserted: 1468645298
Inserted: 1468645765
Inserted: 1468646144
Inserted: 1468646528
Inserted: 1468646653
Inserted: 1468646685
Inserted: 1468647126
Inserted: 1468647326
Inserted: 1468647699
Inserted: 1468647928
Inserted: 1468647995
Inserted: 1468648151
Inserted: 1468648609
Inserted: 1468648794
Inserted: 1468648867
Inserted: 1468649067
Inserted: 1468649284
Inserted: 1468649524
Inserted: 1468650162
Inserted: 1468650456
Inserted: 1468650569
Inserted: 1468650678
Inserted: 1468650818
Inserted: 1468650905
Inserted: 1468651102
Inserted: 1468651252
Inserted: 1468651541
Inserted: 1468651559
Inserted: 1468651621
Inserted: 1468651668
Inserted: 1468651915
Inserted: 1468651926
Inserted: 1468652261
Inserted: 1468652384
Inserted: 1468652422
Inserted: 1468652839
Inserted: 1468652933
Inserted: 1468653165
Inserted: 1468653290
Inserted: 1468653533
Inserted: 1468653662
Inserted: 1468653750
Inserted: 1468654451
Inserted: 1468654478
Inserted: 1468654794
Inserted: 1468654820
Inserted: 1468655096
Inserted: 1468655166
Inserted: 1468655673
Inserted: 1468656042
Inserted: 1468656609
Inserted: 1468656860
Inserted: 1468656996
Inserted: 1468657023
Inserted: 1468657409
Inserted: 1468657445
Inserted: 1468657673
Inserted: 1468658858
Inserted: 1468659246
Inserted: 1468659365
Inserted: 1468659707
Inserted: 1468659961
Inserted: 1468659963
Inserted: 1468660902
Inserted: 1468661110
Inserted: 1468661143
Inserted: 1468661241
Inserted: 1468661257
Inserted: 1468662152
Inserted: 1468662767
Inserted: 1468662775
Inserted: 1468663026
Inserted: 1468663148
Inserted: 1468663184
Inserted: 1468663313
Inserted: 1468663535
Inserted: 1468663567
Inserted: 1468663819
Inserted: 1468663845
Inserted: 1468664147
Inserted: 1468664220
Inserted: 1468664472
Inserted: 1468664538
Inserted: 1468664704
Inserted: 1468664737
Inserted: 1468664770
Inserted: 1468665200
Inserted: 1468665356
Inserted: 1468665735
Inserted: 1468665909
Inserted: 1468666330
Inserted: 1468667487
Inserted: 1468668239
Inserted: 1468668405
Inserted: 1468668791
Inserted: 1468669969
Inserted: 1468670100
Inserted: 1468670376
Inserted: 1468670921
Inserted: 1468670923
Inserted: 1468670992
Inserted: 1468671120
Inserted: 1468671171
Inserted: 1468671374
Inserted: 1468671482
Inserted: 1468671605
Inserted: 1468671624
Inserted: 1468671668
Inserted: 1468671683
Inserted: 1468673509
Inserted: 1468673749
Inserted: 1468673840
Inserted: 1468674217
Inserted: 1468674264
Inserted: 1468674268
Inserted: 1468674287
Inserted: 1468674354
Inserted: 1468674794
Inserted: 1468674879
Inserted: 1468674937
Inserted: 1468674970
Inserted: 1468675224
Inserted: 1468675355
Inserted: 1468675921
Inserted: 1468676006
Inserted: 1468676206
Inserted: 1468676216
Inserted: 1468676262
Inserted: 1468676432
Inserted: 1468676549
Inserted: 1468676705
Inserted: 1468677050
Inserted: 1468677236
Inserted: 1468677755
Inserted: 1468677850
Inserted: 1468677960
Inserted: 1468678398
Inserted: 1468678473
Inserted: 1468678699
Inserted: 1468679127
Inserted: 1468679244
Inserted: 1468679388
Inserted: 1468680054
Inserted: 1468680069
Inserted: 1468680347
Inserted: 1468680357
Inserted: 1468680562
Inserted: 1468681176
Inserted: 1468681243
Inserted: 1468681338
Inserted: 1468681347
Inserted: 1468681455
Inserted: 1468681696
Inserted: 1468681809
Inserted: 1468681937
Inserted: 1468682092
Inserted: 1468682264
Inserted: 1468682647
Inserted: 1468682904
Inserted: 1468683235
Inserted: 1468683358
Inserted: 1468683384
Inserted: 1468683440
Inserted: 1468683587
Inserted: 1468683768
Inserted: 1468683960
Inserted: 1468684314
Inserted: 1468684413
Inserted: 1468684447
Inserted: 1468684470
Inserted: 1468684547
Inserted: 1468684597
Inserted: 1468684623
Inserted: 1468684797
Inserted: 1468685616
Inserted: 1468685785
Inserted: 1468686500
Inserted: 1468686594
Inserted: 1468686690
Inserted: 1468686705
Inserted: 1468686757
Inserted: 1468686862
Inserted: 1468686988
Inserted: 1468687112
Inserted: 1468687248
Inserted: 1468687388
Inserted: 1468687628
Inserted: 1468687678
Inserted: 1468687716
Inserted: 1468687808
Inserted: 1468687825
Inserted: 1468687951
Inserted: 1468688452
Inserted: 1468688728
Inserted: 1468688802
Inserted: 1468689077
Inserted: 1468689241
Inserted: 1468689801
Inserted: 1468690477
Inserted: 1468690880
Inserted: 1468691113
Inserted: 1468691434
Inserted: 1468691690
Inserted: 1468691737
Inserted: 1468691796
Inserted: 1468691825
Inserted: 1468692221
Inserted: 1468692330
Inserted: 1468693117
Inserted: 1468693443
Inserted: 1468693756
Inserted: 1468693896
Inserted: 1468693970
Inserted: 1468693972
Inserted: 1468694428
Inserted: 1468694601
Inserted: 1468694803
Inserted: 1468695202
Inserted: 1468695370
Inserted: 1468695463
Inserted: 1468696454
Inserted: 1468696457
Inserted: 1468696535
Inserted: 1468696840
Inserted: 1468696889
Inserted: 1468697007
Inserted: 1468697183
Inserted: 1468697268
Inserted: 1468697350
Inserted: 1468697384
Inserted: 1468697461
Inserted: 1468697818
Inserted: 1468697974
Inserted: 1468698369
Inserted: 1468698449
Inserted: 1468698509
Inserted: 1468698601
Inserted: 1468698954
Inserted: 1468699286
Inserted: 1468699381
Inserted: 1468700223
Inserted: 1468700445
Inserted: 1468700450
Inserted: 1468701549
Inserted: 1468701674
Inserted: 1468701730
Inserted: 1468702127
Inserted: 1468702163
Inserted: 1468702351
Inserted: 1468702376
Inserted: 1468702856
Inserted: 1468702871
Inserted: 1468702934
Inserted: 1468702953
Inserted: 1468703233
Inserted: 1468703293
Inserted: 1468703349
Inserted: 1468703732
Inserted: 1468703910
Inserted: 1468703921
Inserted: 1468703955
Inserted: 1468704716
Inserted: 1468704901
Inserted: 1468705016
Inserted: 1468705165
Inserted: 1468705465
Inserted: 1468705924
Inserted: 1468706260
Inserted: 1468706478
Inserted: 1468706678
Inserted: 1468706803
Inserted: 1468707261
Inserted: 1468707722
Inserted: 1468707784
Inserted: 1468708024
Inserted: 1468708142
Inserted: 1468708593
Inserted: 1468708630
Inserted: 1468708635
Inserted: 1468708812
Inserted: 1468708833
Inserted: 1468709134
Inserted: 1468709217
Inserted: 1468709228
Inserted: 1468709689
Inserted: 1468710021
Inserted: 1468710274
Inserted: 1468710564
Inserted: 1468710622
Inserted: 1468710815
Inserted: 1468710939
Inserted: 1468711209
Inserted: 1468711223
Inserted: 1468711334
Inserted: 1468711403
Inserted: 1468711525
Inserted: 1468711875
Inserted: 1468711976
Inserted: 1468712048
Inserted: 1468712761
Inserted: 1468712838
                                                                                                                                                                                                                                                                                                                                                                                                                                                                                                                                                                                       